cell_type,region,count,region_bins,proportion,log2_enrichment,fisher_p,fisher_fdr
B_Mature,Un-epi,4,23016,0.0001737921445950643,0.2943466775891613,0.7210593234663274,0.8964521318770556
B_Mature,Epi-Front,0,9595,0.0,-1.6132959091966066,0.35742912000418825,0.5420353687975602
B_Mature,Newly-epi,3,14431,0.00020788580139976439,0.6052424491629781,0.44525397986084647,0.6536707363914555
B_Plasma,Un-epi,528,23016,0.022940563086548488,0.2105657209118486,2.5350548387803803e-06,1.249419884827473e-05
B_Plasma,Epi-Front,175,9595,0.018238665971860343,-0.11758430550972931,0.21837921115878503,0.40310387730885605
B_Plasma,Newly-epi,230,14431,0.015937911440648603,-0.31310514908297116,4.2785276921132216e-05,0.0001845115067223827
CD4_T,Un-epi,42,23016,0.0018248175182481751,0.18331536520041736,0.30176720457326406,0.4923551921180962
CD4_T,Epi-Front,16,9595,0.0016675351745700886,0.08060096307771329,0.8867727487902684,1.0
CD4_T,Newly-epi,18,14431,0.0012473148083985864,-0.3431563543498094,0.21364051557425165,0.40310387730885605
CD8_T,Un-epi,5,23016,0.00021724018074383038,0.583853294784146,0.2791512906299619,0.46413106152933425
CD8_T,Epi-Front,0,9595,0.0,-1.6132959091966066,0.35742912000418825,0.5420353687975602
CD8_T,Newly-epi,2,14431,0.0001385905342665096,0.11981562199273642,1.0,1.0
Endo_Arterial,Un-epi,16,23016,0.0006951685783802572,0.29434667758916155,0.337310006041049,0.5288187479322071
Endo_Arterial,Epi-Front,2,9595,0.00020844189682126107,-1.1658369322253854,0.14698604025639916,0.32196942151401725
Endo_Arterial,Newly-epi,9,14431,0.0006236574041992932,0.1713459226328187,0.8349324007302872,0.9673850271169606
Endo_Capillary,Un-epi,304,23016,0.013208202989224887,0.04201216041257622,0.5122414125923289,0.7270584737818678
Endo_Capillary,Epi-Front,146,9595,0.015216258467952059,0.2487530115850362,0.022174994410470973,0.06375310893010405
Endo_Capillary,Newly-epi,154,14431,0.01067147113852124,-0.2633573786308563,0.005129935123975551,0.01642753158153054
Endo_Lymphatic,Un-epi,141,23016,0.006126173096976017,0.25412957751276005,0.003685003324639464,0.01240318192195722
Endo_Lymphatic,Epi-Front,50,9595,0.005211047420531527,0.02996523208921682,0.9362386677977876,1.0
Endo_Lymphatic,Newly-epi,51,14431,0.0035340586237959945,-0.5305622871773789,0.0009823854285695016,0.003765810809516423
Endo_Prolif,Un-epi,14,23016,0.0006082725060827251,0.10793355335828017,0.8482144078344365,0.9673850271169606
Endo_Prolif,Epi-Front,6,9595,0.0006253256904637832,0.21267469102834458,0.8114496513441138,0.9653452748748941
Endo_Prolif,Newly-epi,7,14431,0.0004850668699327836,-0.16969099520224823,0.6807253634282281,0.8618357812210594
Endo_Venous,Un-epi,256,23016,0.011122697254084116,0.04686327528988295,0.5029335045810361,0.7229669128352395
Endo_Venous,Epi-Front,106,9595,0.011047420531526837,0.04104029456521144,0.7817287540630122,0.9463032286025937
Endo_Venous,Newly-epi,145,14431,0.010047813734321946,-0.09761054645036213,0.3328652303310783,0.5279931239734345
Fib_CD45,Un-epi,196,23016,0.00851581508515815,0.07794513051042834,0.30326225601476936,0.4923551921180962
Fib_CD45,Epi-Front,79,9595,0.008233454924439812,0.03472499819272167,0.8479658830054593,0.9673850271169606
Fib_CD45,Newly-epi,105,14431,0.007276003048991754,-0.14587533208246764,0.21907819418959568,0.40310387730885605
Fib_EN1,Un-epi,53,23016,0.002302745915884602,0.07929230065718904,0.6229989679923738,0.8346976464363842
Fib_EN1,Epi-Front,21,9595,0.0021886399166232413,0.0263724836146849,1.0,1.0
Fib_EN1,Newly-epi,29,14431,0.0020095627468643892,-0.10606578542359099,0.6688750968540589,0.8546737348690752
Fib_Fasci,Un-epi,131,23016,0.005691692735488356,0.23418090598960015,0.011465785945649211,0.03516174356665758
Fib_Fasci,Epi-Front,40,9595,0.004168837936425221,-0.20260566576153322,0.3227038326806011,0.5178270803479413
Fib_Fasci,Newly-epi,57,14431,0.003949830226595523,-0.2857821813998017,0.07160042545319516,0.1796519765916533
Fib_Inflama,Un-epi,799,23016,0.034714980882864094,0.027257856794052567,0.46108344770989884,0.6697843766733268
Fib_Inflama,Epi-Front,367,9595,0.03824908806670141,0.16818648769399183,0.012698963348933258,0.038096890046799774
Fib_Inflama,Newly-epi,437,14431,0.030282031737232346,-0.169091309008063,0.0024310975708892934,0.008387286619568063
Fib_K14,Un-epi,7283,23016,0.31643204727146335,0.1611261712719965,6.027524370622345e-56,5.9414168796134544e-55
Fib_K14,Epi-Front,3297,9595,0.34361646690984887,0.28014935827450915,4.636499160036333e-48,4.2655792272334267e-47
Fib_K14,Newly-epi,2733,14431,0.18938396507518537,-0.5792904893628338,3.504453730220421e-207,9.672292295408362e-206
Fib_Myo,Un-epi,887,23016,0.03853840806395551,0.14148228819937195,3.3870434429475486e-05,0.00015077806294411667
Fib_Myo,Epi-Front,316,9595,0.03293381969775925,-0.08377691699514926,0.23651845932419344,0.420844223874937
Fib_Myo,Newly-epi,441,14431,0.030559212805765366,-0.19238554247304368,0.0005419724336653351,0.0021369198813090354
Fib_Papi,Un-epi,587,23016,0.025503997219325687,-0.03995380793505218,0.34104977221714805,0.5288187479322071
Fib_Papi,Epi-Front,208,9595,0.02167795726941115,-0.2722128612862064,0.0016163688092791888,0.005869970938961264
Fib_Papi,Newly-epi,439,14431,0.030420622271498856,0.21478635671451485,0.000194984580168152,0.0008153900625213629
Fib_Prolif,Un-epi,116,23016,0.005039972193256865,0.2993086602652375,0.0018883568372505461,0.006681878039501933
Fib_Prolif,Epi-Front,27,9595,0.0028139656070870246,-0.5212353562078387,0.02519177439426793,0.06952929732817949
Fib_Prolif,Newly-epi,50,14431,0.0034647633566627398,-0.2332001506787227,0.1595356696576225,0.3387064986577216
Fib_SFRP2,Un-epi,2079,23016,0.09032846715328467,-0.027317760548094417,0.20198878132671286,0.3964422562756327
Fib_SFRP2,Epi-Front,883,9595,0.09202709744658677,3.0009013710827473e-05,1.0,1.0
Fib_SFRP2,Newly-epi,1369,14431,0.09486522070542582,0.04356067146945255,0.1665829799738768,0.3443070640789139
KC_Basal,Un-epi,11,23016,0.00047792839763642685,-2.152484904268502,8.223294067753261e-17,5.158248097045228e-16
KC_Basal,Epi-Front,4,9595,0.00041688379364252214,-2.2438394442266585,2.061219091743847e-06,1.053511980224633e-05
KC_Basal,Newly-epi,89,14431,0.006167278774859677,1.4812347678972664,3.808789095242646e-31,3.0918405596675595e-30
KC_Basal_Mig,Un-epi,2,23016,8.689607229753215e-05,-1.401647135520739,0.02282969969526171,0.06429588893767584
KC_Basal_Mig,Epi-Front,2,9595,0.00020844189682126107,-0.13936472086419466,1.0,1.0
KC_Basal_Mig,Newly-epi,9,14431,0.0006236574041992932,1.1978181339940095,0.0047622123416746825,0.015647269122645385
KC_Basal_Prolif,Un-epi,0,23016,0.0,-0.5536502289657886,1.0,1.0
KC_Basal_Prolif,Epi-Front,1,9595,0.00010422094841063054,2.293594686411912,0.20396666808383998,0.3964422562756327
KC_Basal_Prolif,Newly-epi,0,14431,0.0,0.11981562199273642,1.0,1.0
KC_Granular,Un-epi,1,23016,4.344803614876608e-05,-7.040150090801257,2.0603843453504517e-116,2.8433303965836233e-115
KC_Granular,Epi-Front,9,9595,0.0009379885356956748,-3.114902663422283,5.813717850780406e-28,4.457183685598311e-27
KC_Granular,Newly-epi,393,14431,0.027233039983369137,1.6685730849435987,3.841313883833018e-186,7.572875942413663e-185
KC_Spinous,Un-epi,138,23016,0.005995828988529718,-2.9064944006358453,0.0,0.0
KC_Spinous,Epi-Front,147,9595,0.015320479416362689,-1.5533830077792854,2.2557571259859187e-69,2.5941206948838067e-68
KC_Spinous,Newly-epi,1837,14431,0.12729540572378906,1.4967578188845805,0.0,0.0
KC_Spinous_Mat,Un-epi,21,23016,0.0009124087591240876,-3.2166152416882183,8.860559198758351e-86,1.1115974267533206e-84
KC_Spinous_Mat,Epi-Front,20,9595,0.0020844189682126106,-2.023045577115688,5.111243764212159e-19,3.52675819730639e-18
KC_Spinous_Mat,Newly-epi,367,14431,0.02543136303790451,1.5521862942919362,3.059101205265567e-140,5.276949579083103e-139
KC_Spinous_Mig,Un-epi,508,23016,0.022071602363573167,-1.910613922274159,0.0,0.0
KC_Spinous_Mig,Epi-Front,1205,9595,0.1255862428348098,0.5969804641274112,1.2903726155738866e-58,1.3697801611476643e-57
KC_Spinous_Mig,Newly-epi,2194,14431,0.15203381609036104,0.872424519686509,2.024041639420638e-261,6.9829436560012e-260
LAM,Un-epi,55,23016,0.0023896419881821343,-0.06301511079278534,0.6454322174011667,0.8352533480173696
LAM,Epi-Front,25,9595,0.0026055237102657635,0.07727677948514884,0.8192688086194884,0.9663170563204222
LAM,Newly-epi,38,14431,0.0026332201510636823,0.08282141451053526,0.7643548647563292,0.9334599233307384
M1_Macrophage,Un-epi,60,23016,0.0026068821689259644,-0.15311229938206,0.23229698129967835,0.420844223874937
M1_Macrophage,Epi-Front,28,9595,0.002918186555497655,0.02319689216463178,1.0,1.0
M1_Macrophage,Newly-epi,49,14431,0.003395468089529485,0.23084693438148052,0.1951049237731387,0.3902098475462774
M2_Macrophage,Un-epi,67,23016,0.002911018421967327,0.19523853257623675,0.14350001324247103,0.31940325528162905
M2_Macrophage,Epi-Front,15,9595,0.001563314226159458,-0.6650983394311746,0.030844237976551468,0.08346087923066868
M2_Macrophage,Newly-epi,38,14431,0.0026332201510636823,0.058675327178832545,0.8429568076808621,0.9673850271169606
Mast,Un-epi,87,23016,0.0037799791449426487,0.0027431195585965753,1.0,1.0
Mast,Epi-Front,45,9595,0.004689942678478374,0.32160906258150834,0.11281291828503819,0.26841694350578055
Mast,Newly-epi,46,14431,0.0031875822881297206,-0.23584333020717554,0.1671635745890379,0.3443070640789139
Melanocyte,Un-epi,10,23016,0.00043448036148766077,-1.0841649456645686,0.0002810182668114904,0.0011406035535289905
Melanocyte,Epi-Front,12,9595,0.0012506513809275664,0.4296562359879403,0.27253839558663656,0.45866217793848596
Melanocyte,Newly-epi,23,14431,0.0015937911440648603,0.7515723341928338,0.005237763692661912,0.01642753158153054
NK,Un-epi,23,23016,0.0009993048314216198,0.14295762758427671,0.6476239727381055,0.8352533480173696
NK,Epi-Front,7,9595,0.0007295466388744137,-0.2424582138282979,0.57567752693284,0.7903727743364477
NK,Newly-epi,13,14431,0.0009008384727323123,0.016722129028633008,1.0,1.0
Neutrophil,Un-epi,3,23016,0.00013034410844629823,0.13822747567187946,1.0,1.0
Neutrophil,Epi-Front,1,9595,0.00010422094841063054,0.17811746899197575,1.0,1.0
Neutrophil,Newly-epi,2,14431,0.0001385905342665096,0.3262664994601628,1.0,1.0
Pericyte,Un-epi,184,23016,0.007994438651372959,0.13462298899766337,0.08285141961199324,0.2041695697581262
Pericyte,Epi-Front,58,9595,0.006044815007816571,-0.2602068828227838,0.12158266463390424,0.2843797918555726
Pericyte,Newly-epi,101,14431,0.006998821980458735,-0.05405224891903122,0.6387934719167931,0.8352533480173696
SAC_HF_DP_DS,Un-epi,22,23016,0.0009558567952728537,0.41464091130687325,0.08499398438819349,0.2057749095714158
SAC_HF_DP_DS,Epi-Front,3,9595,0.0003126628452318916,-1.007574848308653,0.13279223925644335,0.30041522979326524
SAC_HF_DP_DS,Newly-epi,9,14431,0.0006236574041992932,-0.15581882062069094,0.7112600463781269,0.8923080581834683
SAC_HF_HFSC,Un-epi,29,23016,0.0012599930483142162,-0.004907916157386039,1.0,1.0
SAC_HF_HFSC,Epi-Front,16,9595,0.0016675351745700886,0.41912556849577065,0.2600139668923043,0.44298675840911106
SAC_HF_HFSC,Newly-epi,15,14431,0.001039429006998822,-0.25988880417382676,0.4014812425314567,0.602221863797185
SAC_HF_IRS,Un-epi,226,23016,0.009819256169621133,0.16642920266842437,0.01741254630169705,0.05112619977945091
SAC_HF_IRS,Epi-Front,71,9595,0.007399687337154768,-0.23478428594287704,0.12444248804553101,0.28621772250472133
SAC_HF_IRS,Newly-epi,115,14431,0.007968955720324302,-0.13172314500322807,0.2378684743640948,0.420844223874937
SAC_HF_Matrix,Un-epi,6,23016,0.00026068821689259646,-0.12622900523111252,0.7911714273680104,0.9494057128416125
SAC_HF_Matrix,Epi-Front,5,9595,0.0005211047420531526,0.895045309921637,0.1794853556536541,0.36424969235594507
SAC_HF_Matrix,Newly-epi,3,14431,0.00020788580139976439,-0.3458479503560754,0.5716089560885343,0.7903727743364477
SAC_HF_ORS,Un-epi,1484,23016,0.06447688564476886,0.16060288121273908,6.568580871553556e-10,3.7769340011432944e-09
SAC_HF_ORS,Epi-Front,444,9595,0.04627410109431996,-0.31683647328760217,4.288925416749574e-08,2.2764296442747738e-07
SAC_HF_ORS,Newly-epi,786,14431,0.05446607996673827,-0.0823896903997047,0.04616416426904307,0.1179750864653323
SAC_SG_Clear,Un-epi,209,23016,0.00908063955509211,0.3306077174426477,3.3831346751728175e-06,1.60990546611672e-05
SAC_SG_Clear,Epi-Front,54,9595,0.005627931214174049,-0.3497319768232328,0.042406743845342626,0.11041755944636382
SAC_SG_Clear,Newly-epi,77,14431,0.00533573556926062,-0.4306084600239409,0.001138296224355192,0.004245537269216662
SAC_SG_Dark,Un-epi,5163,23016,0.22432221063607924,0.3830761174569919,6.589098222869196e-192,1.5154925912599152e-190
SAC_SG_Dark,Epi-Front,1364,9595,0.14215737363210004,-0.27461837941048306,1.0311945781106383e-18,6.77642151329848e-18
SAC_SG_Dark,Newly-epi,1565,14431,0.10844709306354376,-0.6651838292439728,1.2918386934046765e-139,1.9808193298871707e-138
SAC_SG_Ductal,Un-epi,566,23016,0.0245915884602016,0.3061092333328379,1.0001195264119554e-12,6.0007171584717325e-12
SAC_SG_Ductal,Epi-Front,165,9595,0.017196456487754037,-0.2068530910239158,0.0331447512833159,0.08796107071341527
SAC_SG_Ductal,Newly-epi,205,14431,0.014205529762317233,-0.4833624778474699,1.6008049873227636e-09,8.836443530021655e-09
SAC_SG_Progenitor,Un-epi,612,23016,0.026590198123044837,0.5274962669349075,1.4754469120614136e-38,1.2725729616529691e-37
SAC_SG_Progenitor,Epi-Front,125,9595,0.013027618551328817,-0.4972437983477089,5.1047726921166045e-06,2.348195438373638e-05
SAC_SG_Progenitor,Newly-epi,131,14431,0.009077679994456378,-1.018684926704198,1.2943460286007723e-26,9.401039576152977e-26
Schwann,Un-epi,29,23016,0.0012599930483142162,-0.02855918422203127,0.8982597254189204,1.0
Schwann,Epi-Front,11,9595,0.0011464304325169358,-0.12535786287031533,0.7515630429279905,0.9260330350362739
Schwann,Newly-epi,21,14431,0.0014552006097983507,0.18852837207675055,0.5784612333911683,0.7903727743364477
cDC1,Un-epi,12,23016,0.0005213764337851929,0.248903706827994,0.5163168871784279,0.7270584737818678
cDC1,Epi-Front,6,9595,0.0006253256904637832,0.5677696498509058,0.41290240861360367,0.6126938966524441
cDC1,Newly-epi,3,14431,0.00020788580139976439,-0.9141317099306013,0.15313726775542233,0.3302022335976294
cDC2,Un-epi,25,23016,0.0010862009037191519,0.2943466775891613,0.21631537702230175,0.40310387730885605
cDC2,Epi-Front,8,9595,0.0008337675872850443,-0.028333408475450444,1.0,1.0
cDC2,Newly-epi,9,14431,0.0006236574041992932,-0.4566852999802237,0.24152670216974553,0.42190740379018843
pDC,Un-epi,22,23016,0.0009558567952728537,0.1481259367381177,0.6397818764474633,0.8352533480173696
pDC,Epi-Front,5,9595,0.0005211047420531526,-0.6220131262977157,0.24517532367567219,0.4229274333405345
pDC,Newly-epi,14,14431,0.0009701337398655672,0.18771968649454007,0.6145429985609326,0.8314405274647912
