cell_type,compartment,sample_key,sample_id,day,n_bins,median_x_um,median_depth
KC_Basal,Other KC/SAC,5dpb,BW32_A01597A3_SDSDB_5dpb,5,51,2882.1320404854323,0.2994619535050669
KC_Basal,Other KC/SAC,12dpb_DPTDI1,BW13_1_B1_DSDB_12dpb,12,0,,
KC_Basal,Other KC/SAC,12dpb_SPTDI1,BW14_1_C1_SSDB_12dpb,12,12,3251.5754052996426,0.09911689256610526
KC_Basal,Other KC/SAC,12dpb_DPTDI2,BW13_A3_DSDB_12dpb,12,52,-4900.273181610553,0.1765178580342632
KC_Basal,Other KC/SAC,12dpb_SPTDI2,BW14_B3_SSDB_12dpb,12,247,4378.332504293385,0.10808522702010162
KC_Basal,Other KC/SAC,19dpb,BW15D_C6_SDSDB_19dpb,19,180,1439.0778665706307,0.061186261770809325
KC_Basal,Other KC/SAC,19dpb_p1,BW15D_1_D1_SDSDB_19dpb,19,104,2427.4589942405555,0.04096340240485199
KC_Basal,Other KC/SAC,26dpb_p1,BW81_C02846B6_SDSDB_26dpb_part1,26,585,4234.117249687025,0.08935831168996833
KC_Basal,Other KC/SAC,26dpb_p2,BW81_C02846B6_SDSDB_26dpb_part2,26,1,1865.5791249827785,0.003264180041753359
KC_Basal,Other KC/SAC,2mph,2mph_A03699G6.SCT,60,800,3889.966705197951,0.08756730145185283
KC_Basal_Mig,Other KC/SAC,5dpb,BW32_A01597A3_SDSDB_5dpb,5,0,,
KC_Basal_Mig,Other KC/SAC,12dpb_DPTDI1,BW13_1_B1_DSDB_12dpb,12,0,,
KC_Basal_Mig,Other KC/SAC,12dpb_SPTDI1,BW14_1_C1_SSDB_12dpb,12,12,3157.7069800971276,0.11505419502656711
KC_Basal_Mig,Other KC/SAC,12dpb_DPTDI2,BW13_A3_DSDB_12dpb,12,1,-4942.368821127536,0.21595611516826954
KC_Basal_Mig,Other KC/SAC,12dpb_SPTDI2,BW14_B3_SSDB_12dpb,12,18,5770.085203832057,0.13732431744096707
KC_Basal_Mig,Other KC/SAC,19dpb,BW15D_C6_SDSDB_19dpb,19,16,65.00521234304696,0.04992526218070957
KC_Basal_Mig,Other KC/SAC,19dpb_p1,BW15D_1_D1_SDSDB_19dpb,19,13,1971.4202447596217,0.05630246418128601
KC_Basal_Mig,Other KC/SAC,26dpb_p1,BW81_C02846B6_SDSDB_26dpb_part1,26,7,294.0542014049064,0.05877641946086793
KC_Basal_Mig,Other KC/SAC,26dpb_p2,BW81_C02846B6_SDSDB_26dpb_part2,26,0,,
KC_Basal_Mig,Other KC/SAC,2mph,2mph_A03699G6.SCT,60,2,3843.0736309843674,0.10351659490810784
KC_Basal_Prolif,Other KC/SAC,5dpb,BW32_A01597A3_SDSDB_5dpb,5,0,,
KC_Basal_Prolif,Other KC/SAC,12dpb_DPTDI1,BW13_1_B1_DSDB_12dpb,12,0,,
KC_Basal_Prolif,Other KC/SAC,12dpb_SPTDI1,BW14_1_C1_SSDB_12dpb,12,2,1877.1365993682903,0.09517933390819733
KC_Basal_Prolif,Other KC/SAC,12dpb_DPTDI2,BW13_A3_DSDB_12dpb,12,0,,
KC_Basal_Prolif,Other KC/SAC,12dpb_SPTDI2,BW14_B3_SSDB_12dpb,12,2,411.46031122598123,0.06720915088687174
KC_Basal_Prolif,Other KC/SAC,19dpb,BW15D_C6_SDSDB_19dpb,19,4,-1223.68313592923,0.047168667175629356
KC_Basal_Prolif,Other KC/SAC,19dpb_p1,BW15D_1_D1_SDSDB_19dpb,19,1,-207.1243353824106,0.00908719539472085
KC_Basal_Prolif,Other KC/SAC,26dpb_p1,BW81_C02846B6_SDSDB_26dpb_part1,26,3,-975.3039648039389,0.03765556950068001
KC_Basal_Prolif,Other KC/SAC,26dpb_p2,BW81_C02846B6_SDSDB_26dpb_part2,26,0,,
KC_Basal_Prolif,Other KC/SAC,2mph,2mph_A03699G6.SCT,60,3,3092.883889919971,0.07266925841615113
KC_Spinous,Other KC/SAC,5dpb,BW32_A01597A3_SDSDB_5dpb,5,7,3459.116312483524,0.24389541754585323
KC_Spinous,Other KC/SAC,12dpb_DPTDI1,BW13_1_B1_DSDB_12dpb,12,0,,
KC_Spinous,Other KC/SAC,12dpb_SPTDI1,BW14_1_C1_SSDB_12dpb,12,979,4820.291799361998,0.1816572450289331
KC_Spinous,Other KC/SAC,12dpb_DPTDI2,BW13_A3_DSDB_12dpb,12,0,,
KC_Spinous,Other KC/SAC,12dpb_SPTDI2,BW14_B3_SSDB_12dpb,12,3779,4583.675726457437,0.1335382416548318
KC_Spinous,Other KC/SAC,19dpb,BW15D_C6_SDSDB_19dpb,19,2298,2301.1662766609315,0.08700586801625138
KC_Spinous,Other KC/SAC,19dpb_p1,BW15D_1_D1_SDSDB_19dpb,19,2122,2369.9983978733417,0.06064972868584352
KC_Spinous,Other KC/SAC,26dpb_p1,BW81_C02846B6_SDSDB_26dpb_part1,26,2263,4290.222385198127,0.10314661150101206
KC_Spinous,Other KC/SAC,26dpb_p2,BW81_C02846B6_SDSDB_26dpb_part2,26,0,,
KC_Spinous,Other KC/SAC,2mph,2mph_A03699G6.SCT,60,9652,3225.425289622537,0.1056342923417175
KC_Spinous_Mat,Other KC/SAC,5dpb,BW32_A01597A3_SDSDB_5dpb,5,0,,
KC_Spinous_Mat,Other KC/SAC,12dpb_DPTDI1,BW13_1_B1_DSDB_12dpb,12,0,,
KC_Spinous_Mat,Other KC/SAC,12dpb_SPTDI1,BW14_1_C1_SSDB_12dpb,12,67,5172.0774230023035,0.17993377415403386
KC_Spinous_Mat,Other KC/SAC,12dpb_DPTDI2,BW13_A3_DSDB_12dpb,12,0,,
KC_Spinous_Mat,Other KC/SAC,12dpb_SPTDI2,BW14_B3_SSDB_12dpb,12,2698,4146.71781548911,0.1375287098074738
KC_Spinous_Mat,Other KC/SAC,19dpb,BW15D_C6_SDSDB_19dpb,19,379,2198.5768446356124,0.07475152080951362
KC_Spinous_Mat,Other KC/SAC,19dpb_p1,BW15D_1_D1_SDSDB_19dpb,19,408,2770.464737894607,0.06936084173755001
KC_Spinous_Mat,Other KC/SAC,26dpb_p1,BW81_C02846B6_SDSDB_26dpb_part1,26,48,2992.182249565619,0.10830019451247354
KC_Spinous_Mat,Other KC/SAC,26dpb_p2,BW81_C02846B6_SDSDB_26dpb_part2,26,0,,
KC_Spinous_Mat,Other KC/SAC,2mph,2mph_A03699G6.SCT,60,3509,1563.5274775414919,0.11442465016970942
KC_Granular,Other KC/SAC,5dpb,BW32_A01597A3_SDSDB_5dpb,5,0,,
KC_Granular,Other KC/SAC,12dpb_DPTDI1,BW13_1_B1_DSDB_12dpb,12,0,,
KC_Granular,Other KC/SAC,12dpb_SPTDI1,BW14_1_C1_SSDB_12dpb,12,659,4497.144000359745,0.20551693783148028
KC_Granular,Other KC/SAC,12dpb_DPTDI2,BW13_A3_DSDB_12dpb,12,0,,
KC_Granular,Other KC/SAC,12dpb_SPTDI2,BW14_B3_SSDB_12dpb,12,521,4436.057651561802,0.18087585590566194
KC_Granular,Other KC/SAC,19dpb,BW15D_C6_SDSDB_19dpb,19,736,2256.1463559303747,0.12249647411013595
KC_Granular,Other KC/SAC,19dpb_p1,BW15D_1_D1_SDSDB_19dpb,19,403,3029.5918814635766,0.1095541812034284
KC_Granular,Other KC/SAC,26dpb_p1,BW81_C02846B6_SDSDB_26dpb_part1,26,117,1845.3284050675852,0.10526634835032748
KC_Granular,Other KC/SAC,26dpb_p2,BW81_C02846B6_SDSDB_26dpb_part2,26,0,,
KC_Granular,Other KC/SAC,2mph,2mph_A03699G6.SCT,60,489,4150.4830318321065,0.15490377556758594
SAC_SG_Clear,Other KC/SAC,5dpb,BW32_A01597A3_SDSDB_5dpb,5,418,-2283.313145639051,0.5930536456611301
SAC_SG_Clear,Other KC/SAC,12dpb_DPTDI1,BW13_1_B1_DSDB_12dpb,12,73,1777.0794303160503,0.8090049434565387
SAC_SG_Clear,Other KC/SAC,12dpb_SPTDI1,BW14_1_C1_SSDB_12dpb,12,212,769.4538266395634,0.7922482678651095
SAC_SG_Clear,Other KC/SAC,12dpb_DPTDI2,BW13_A3_DSDB_12dpb,12,128,-408.34850222353657,0.6879965753466989
SAC_SG_Clear,Other KC/SAC,12dpb_SPTDI2,BW14_B3_SSDB_12dpb,12,245,610.6876405536511,0.7608864518696424
SAC_SG_Clear,Other KC/SAC,19dpb,BW15D_C6_SDSDB_19dpb,19,262,-1176.5732429247537,0.6670374717651101
SAC_SG_Clear,Other KC/SAC,19dpb_p1,BW15D_1_D1_SDSDB_19dpb,19,340,-2226.034940372545,0.5271415244904702
SAC_SG_Clear,Other KC/SAC,26dpb_p1,BW81_C02846B6_SDSDB_26dpb_part1,26,180,1467.7241036441255,0.5506062646221188
SAC_SG_Clear,Other KC/SAC,26dpb_p2,BW81_C02846B6_SDSDB_26dpb_part2,26,142,2162.490777685369,0.44193073003690475
SAC_SG_Clear,Other KC/SAC,2mph,2mph_A03699G6.SCT,60,499,3296.225687814143,0.43775825332478374
SAC_SG_Ductal,Other KC/SAC,5dpb,BW32_A01597A3_SDSDB_5dpb,5,752,-2224.6698882439296,0.5854947884807986
SAC_SG_Ductal,Other KC/SAC,12dpb_DPTDI1,BW13_1_B1_DSDB_12dpb,12,473,896.3718381706244,0.7645720635949859
SAC_SG_Ductal,Other KC/SAC,12dpb_SPTDI1,BW14_1_C1_SSDB_12dpb,12,655,812.4105635966462,0.7821584345974696
SAC_SG_Ductal,Other KC/SAC,12dpb_DPTDI2,BW13_A3_DSDB_12dpb,12,564,-1027.7273057526247,0.7071569801273792
SAC_SG_Ductal,Other KC/SAC,12dpb_SPTDI2,BW14_B3_SSDB_12dpb,12,954,745.8816371502417,0.7653089938106233
SAC_SG_Ductal,Other KC/SAC,19dpb,BW15D_C6_SDSDB_19dpb,19,746,-1278.2089968909258,0.5511212522191913
SAC_SG_Ductal,Other KC/SAC,19dpb_p1,BW15D_1_D1_SDSDB_19dpb,19,936,-2409.523947849628,0.47101340171628925
SAC_SG_Ductal,Other KC/SAC,26dpb_p1,BW81_C02846B6_SDSDB_26dpb_part1,26,1099,1181.29740341414,0.48252699719841224
SAC_SG_Ductal,Other KC/SAC,26dpb_p2,BW81_C02846B6_SDSDB_26dpb_part2,26,1197,1367.8784830635589,0.40940944064372664
SAC_SG_Ductal,Other KC/SAC,2mph,2mph_A03699G6.SCT,60,1389,3592.469267577697,0.3982553928664357
SAC_HF_IRS,Other KC/SAC,5dpb,BW32_A01597A3_SDSDB_5dpb,5,474,-2246.1397505174236,0.5867435154019265
SAC_HF_IRS,Other KC/SAC,12dpb_DPTDI1,BW13_1_B1_DSDB_12dpb,12,233,901.3073911870638,0.7618851985276988
SAC_HF_IRS,Other KC/SAC,12dpb_SPTDI1,BW14_1_C1_SSDB_12dpb,12,470,861.3777081938151,0.7604110782974627
SAC_HF_IRS,Other KC/SAC,12dpb_DPTDI2,BW13_A3_DSDB_12dpb,12,327,-260.8816011276694,0.6793438221753434
SAC_HF_IRS,Other KC/SAC,12dpb_SPTDI2,BW14_B3_SSDB_12dpb,12,721,834.383623600332,0.7180386360366782
SAC_HF_IRS,Other KC/SAC,19dpb,BW15D_C6_SDSDB_19dpb,19,819,-940.7107895000032,0.5838131834511868
SAC_HF_IRS,Other KC/SAC,19dpb_p1,BW15D_1_D1_SDSDB_19dpb,19,412,-2085.7604709474,0.5082890656685823
SAC_HF_IRS,Other KC/SAC,26dpb_p1,BW81_C02846B6_SDSDB_26dpb_part1,26,625,1540.2119425512988,0.41757838467282654
SAC_HF_IRS,Other KC/SAC,26dpb_p2,BW81_C02846B6_SDSDB_26dpb_part2,26,888,1132.695994082776,0.31781873704106656
SAC_HF_IRS,Other KC/SAC,2mph,2mph_A03699G6.SCT,60,1188,3366.6150159736417,0.40641762315731805
SAC_HF_ORS,Other KC/SAC,5dpb,BW32_A01597A3_SDSDB_5dpb,5,113,-2057.809554395298,0.5617094306130208
SAC_HF_ORS,Other KC/SAC,12dpb_DPTDI1,BW13_1_B1_DSDB_12dpb,12,345,733.1386746280376,0.6818097218623428
SAC_HF_ORS,Other KC/SAC,12dpb_SPTDI1,BW14_1_C1_SSDB_12dpb,12,2794,914.4107167828056,0.7216243136094592
SAC_HF_ORS,Other KC/SAC,12dpb_DPTDI2,BW13_A3_DSDB_12dpb,12,366,-1178.153161266096,0.6501139728347329
SAC_HF_ORS,Other KC/SAC,12dpb_SPTDI2,BW14_B3_SSDB_12dpb,12,567,-136.867098976046,0.6702400878361325
SAC_HF_ORS,Other KC/SAC,19dpb,BW15D_C6_SDSDB_19dpb,19,931,-1082.981969876065,0.5467165026797185
SAC_HF_ORS,Other KC/SAC,19dpb_p1,BW15D_1_D1_SDSDB_19dpb,19,2714,-1973.3007955970893,0.5217311737560428
SAC_HF_ORS,Other KC/SAC,26dpb_p1,BW81_C02846B6_SDSDB_26dpb_part1,26,2604,1369.38646057509,0.4231660289551257
SAC_HF_ORS,Other KC/SAC,26dpb_p2,BW81_C02846B6_SDSDB_26dpb_part2,26,6707,1160.7614555223572,0.11558481289052402
SAC_HF_ORS,Other KC/SAC,2mph,2mph_A03699G6.SCT,60,959,4132.668088965157,0.3894952441495223
SAC_HF_HFSC,Other KC/SAC,5dpb,BW32_A01597A3_SDSDB_5dpb,5,116,-1899.2531372844942,0.598674604044068
SAC_HF_HFSC,Other KC/SAC,12dpb_DPTDI1,BW13_1_B1_DSDB_12dpb,12,41,1528.3901550133119,0.7057748072304448
SAC_HF_HFSC,Other KC/SAC,12dpb_SPTDI1,BW14_1_C1_SSDB_12dpb,12,76,393.9801258295065,0.7182550213327937
SAC_HF_HFSC,Other KC/SAC,12dpb_DPTDI2,BW13_A3_DSDB_12dpb,12,45,-353.4794928401915,0.6821036457178645
SAC_HF_HFSC,Other KC/SAC,12dpb_SPTDI2,BW14_B3_SSDB_12dpb,12,78,995.1527392767498,0.7192904086758036
SAC_HF_HFSC,Other KC/SAC,19dpb,BW15D_C6_SDSDB_19dpb,19,40,-1962.1422133366177,0.5235708280523408
SAC_HF_HFSC,Other KC/SAC,19dpb_p1,BW15D_1_D1_SDSDB_19dpb,19,60,-354.713552390204,0.5527927547983456
SAC_HF_HFSC,Other KC/SAC,26dpb_p1,BW81_C02846B6_SDSDB_26dpb_part1,26,167,1146.8084584422581,0.41073343999291784
SAC_HF_HFSC,Other KC/SAC,26dpb_p2,BW81_C02846B6_SDSDB_26dpb_part2,26,217,-295.93428256087174,0.45922897556184805
SAC_HF_HFSC,Other KC/SAC,2mph,2mph_A03699G6.SCT,60,352,2947.8891236773634,0.3904353948091587
SAC_HF_DP_DS,Other KC/SAC,5dpb,BW32_A01597A3_SDSDB_5dpb,5,107,-2117.939960203748,0.6047245049795226
SAC_HF_DP_DS,Other KC/SAC,12dpb_DPTDI1,BW13_1_B1_DSDB_12dpb,12,43,1746.0358373435135,0.722202910128505
SAC_HF_DP_DS,Other KC/SAC,12dpb_SPTDI1,BW14_1_C1_SSDB_12dpb,12,51,711.2942938869701,0.7295325161744192
SAC_HF_DP_DS,Other KC/SAC,12dpb_DPTDI2,BW13_A3_DSDB_12dpb,12,53,-1190.6175884073295,0.6812983232857615
SAC_HF_DP_DS,Other KC/SAC,12dpb_SPTDI2,BW14_B3_SSDB_12dpb,12,67,525.0205933986198,0.6986657799495
SAC_HF_DP_DS,Other KC/SAC,19dpb,BW15D_C6_SDSDB_19dpb,19,33,-3408.7145696492466,0.5249822411718922
SAC_HF_DP_DS,Other KC/SAC,19dpb_p1,BW15D_1_D1_SDSDB_19dpb,19,34,-2446.5257639490583,0.46704153499326423
SAC_HF_DP_DS,Other KC/SAC,26dpb_p1,BW81_C02846B6_SDSDB_26dpb_part1,26,175,897.1969907729795,0.5766933213716435
SAC_HF_DP_DS,Other KC/SAC,26dpb_p2,BW81_C02846B6_SDSDB_26dpb_part2,26,138,-916.7349494384882,0.47196373437442085
SAC_HF_DP_DS,Other KC/SAC,2mph,2mph_A03699G6.SCT,60,191,3156.0381579496816,0.3782409551721891
SAC_HF_Matrix,Other KC/SAC,5dpb,BW32_A01597A3_SDSDB_5dpb,5,23,-2088.0258939674395,0.6159771936613418
SAC_HF_Matrix,Other KC/SAC,12dpb_DPTDI1,BW13_1_B1_DSDB_12dpb,12,8,1029.564743816462,0.6742711965545367
SAC_HF_Matrix,Other KC/SAC,12dpb_SPTDI1,BW14_1_C1_SSDB_12dpb,12,8,1274.3280684067581,0.6664427222155086
SAC_HF_Matrix,Other KC/SAC,12dpb_DPTDI2,BW13_A3_DSDB_12dpb,12,18,-263.08445518973195,0.605153925929026
SAC_HF_Matrix,Other KC/SAC,12dpb_SPTDI2,BW14_B3_SSDB_12dpb,12,14,104.4361605220418,0.6985288657157868
SAC_HF_Matrix,Other KC/SAC,19dpb,BW15D_C6_SDSDB_19dpb,19,16,-1994.3514330567373,0.5957652492136722
SAC_HF_Matrix,Other KC/SAC,19dpb_p1,BW15D_1_D1_SDSDB_19dpb,19,14,-284.51395333061794,0.5143785506358767
SAC_HF_Matrix,Other KC/SAC,26dpb_p1,BW81_C02846B6_SDSDB_26dpb_part1,26,44,1264.0295078718786,0.4292090291985347
SAC_HF_Matrix,Other KC/SAC,26dpb_p2,BW81_C02846B6_SDSDB_26dpb_part2,26,60,-860.5906554706169,0.3526354023720699
SAC_HF_Matrix,Other KC/SAC,2mph,2mph_A03699G6.SCT,60,39,2571.4385739848144,0.36846317932206635
Melanocyte,Other KC/SAC,5dpb,BW32_A01597A3_SDSDB_5dpb,5,60,2957.271927603619,0.30102408427627436
Melanocyte,Other KC/SAC,12dpb_DPTDI1,BW13_1_B1_DSDB_12dpb,12,0,,
Melanocyte,Other KC/SAC,12dpb_SPTDI1,BW14_1_C1_SSDB_12dpb,12,563,1318.3454655356218,0.16642972138863865
Melanocyte,Other KC/SAC,12dpb_DPTDI2,BW13_A3_DSDB_12dpb,12,29,-4917.4901905724455,0.16562288131977565
Melanocyte,Other KC/SAC,12dpb_SPTDI2,BW14_B3_SSDB_12dpb,12,604,2492.9926981573635,0.09725832901597534
Melanocyte,Other KC/SAC,19dpb,BW15D_C6_SDSDB_19dpb,19,284,-567.9099178405738,0.057532909870812804
Melanocyte,Other KC/SAC,19dpb_p1,BW15D_1_D1_SDSDB_19dpb,19,45,644.4142839569762,0.04800040335940462
Melanocyte,Other KC/SAC,26dpb_p1,BW81_C02846B6_SDSDB_26dpb_part1,26,1153,3791.9875750905326,0.11792224055488462
Melanocyte,Other KC/SAC,26dpb_p2,BW81_C02846B6_SDSDB_26dpb_part2,26,2,1692.6893931718341,0.007487760102913359
Melanocyte,Other KC/SAC,2mph,2mph_A03699G6.SCT,60,244,1592.0884409154842,0.06185975030667121
Fib_Papi,Fib/Endo,5dpb,BW32_A01597A3_SDSDB_5dpb,5,2945,-2402.6699593270955,0.37384064319821997
Fib_Papi,Fib/Endo,12dpb_DPTDI1,BW13_1_B1_DSDB_12dpb,12,1769,-60.829810031451196,0.21003437607213737
Fib_Papi,Fib/Endo,12dpb_SPTDI1,BW14_1_C1_SSDB_12dpb,12,4590,823.0171653144444,0.15384926594644127
Fib_Papi,Fib/Endo,12dpb_DPTDI2,BW13_A3_DSDB_12dpb,12,4372,-397.07497503468426,0.33207663511728663
Fib_Papi,Fib/Endo,12dpb_SPTDI2,BW14_B3_SSDB_12dpb,12,4452,3009.4014217805643,0.1493743751448432
Fib_Papi,Fib/Endo,19dpb,BW15D_C6_SDSDB_19dpb,19,6342,-2951.6481938381735,0.19648102444435803
Fib_Papi,Fib/Endo,19dpb_p1,BW15D_1_D1_SDSDB_19dpb,19,1234,-395.5040021668291,0.1812318087139747
Fib_Papi,Fib/Endo,26dpb_p1,BW81_C02846B6_SDSDB_26dpb_part1,26,5760,3189.688641806518,0.1722280385326438
Fib_Papi,Fib/Endo,26dpb_p2,BW81_C02846B6_SDSDB_26dpb_part2,26,5743,1266.9277324739494,0.24087766016161855
Fib_Papi,Fib/Endo,2mph,2mph_A03699G6.SCT,60,1677,3926.3776521165137,0.09007129137172656
Fib_SFRP2,Fib/Endo,5dpb,BW32_A01597A3_SDSDB_5dpb,5,1899,-2871.2245378249977,0.6488027831257022
Fib_SFRP2,Fib/Endo,12dpb_DPTDI1,BW13_1_B1_DSDB_12dpb,12,3817,-310.174411496338,0.2894851085842225
Fib_SFRP2,Fib/Endo,12dpb_SPTDI1,BW14_1_C1_SSDB_12dpb,12,2951,1411.6835606522454,0.16790686216462922
Fib_SFRP2,Fib/Endo,12dpb_DPTDI2,BW13_A3_DSDB_12dpb,12,6092,-65.45256276423228,0.35118925217302094
Fib_SFRP2,Fib/Endo,12dpb_SPTDI2,BW14_B3_SSDB_12dpb,12,3231,1463.0603314949328,0.14621184288911782
Fib_SFRP2,Fib/Endo,19dpb,BW15D_C6_SDSDB_19dpb,19,4874,-2666.028159123939,0.20909710722167973
Fib_SFRP2,Fib/Endo,19dpb_p1,BW15D_1_D1_SDSDB_19dpb,19,4331,-571.385544894761,0.20019594880217106
Fib_SFRP2,Fib/Endo,26dpb_p1,BW81_C02846B6_SDSDB_26dpb_part1,26,4306,720.8394916069361,0.14331903995299367
Fib_SFRP2,Fib/Endo,26dpb_p2,BW81_C02846B6_SDSDB_26dpb_part2,26,2546,931.2171123877454,0.2324008877950034
Fib_SFRP2,Fib/Endo,2mph,2mph_A03699G6.SCT,60,32683,3805.0797592046893,0.18349435751999468
Fib_Myo,Fib/Endo,5dpb,BW32_A01597A3_SDSDB_5dpb,5,1669,-3237.139211293108,0.6743608904225158
Fib_Myo,Fib/Endo,12dpb_DPTDI1,BW13_1_B1_DSDB_12dpb,12,684,-758.8914818126926,0.3272241809655689
Fib_Myo,Fib/Endo,12dpb_SPTDI1,BW14_1_C1_SSDB_12dpb,12,580,1013.0521127583288,0.13886144844137904
Fib_Myo,Fib/Endo,12dpb_DPTDI2,BW13_A3_DSDB_12dpb,12,1392,475.30496845362677,0.3880227667722824
Fib_Myo,Fib/Endo,12dpb_SPTDI2,BW14_B3_SSDB_12dpb,12,1194,2138.9985275157583,0.16756787130671214
Fib_Myo,Fib/Endo,19dpb,BW15D_C6_SDSDB_19dpb,19,1851,-3138.8904243124175,0.2140172993324534
Fib_Myo,Fib/Endo,19dpb_p1,BW15D_1_D1_SDSDB_19dpb,19,1644,-1022.5192481398115,0.17433549216949537
Fib_Myo,Fib/Endo,26dpb_p1,BW81_C02846B6_SDSDB_26dpb_part1,26,659,204.61033090443343,0.16205551768758686
Fib_Myo,Fib/Endo,26dpb_p2,BW81_C02846B6_SDSDB_26dpb_part2,26,874,1619.0003714196855,0.25094728286853174
Fib_Myo,Fib/Endo,2mph,2mph_A03699G6.SCT,60,1984,3591.1457390251567,0.16560770055934243
Fib_Inflama,Fib/Endo,5dpb,BW32_A01597A3_SDSDB_5dpb,5,974,-2816.978824313535,0.6738106315897381
Fib_Inflama,Fib/Endo,12dpb_DPTDI1,BW13_1_B1_DSDB_12dpb,12,739,-688.3044750594204,0.35594660047701154
Fib_Inflama,Fib/Endo,12dpb_SPTDI1,BW14_1_C1_SSDB_12dpb,12,752,1285.1114468198534,0.1747791982371486
Fib_Inflama,Fib/Endo,12dpb_DPTDI2,BW13_A3_DSDB_12dpb,12,2409,895.1218572103044,0.42610729919134466
Fib_Inflama,Fib/Endo,12dpb_SPTDI2,BW14_B3_SSDB_12dpb,12,1224,2492.216804127149,0.2364402290949196
Fib_Inflama,Fib/Endo,19dpb,BW15D_C6_SDSDB_19dpb,19,1749,-3070.4452992056354,0.25284693332663444
Fib_Inflama,Fib/Endo,19dpb_p1,BW15D_1_D1_SDSDB_19dpb,19,1603,-837.9133885934759,0.18409529883239834
Fib_Inflama,Fib/Endo,26dpb_p1,BW81_C02846B6_SDSDB_26dpb_part1,26,905,228.29509670321815,0.18671276176261148
Fib_Inflama,Fib/Endo,26dpb_p2,BW81_C02846B6_SDSDB_26dpb_part2,26,863,1229.7696902252967,0.3226629120241351
Fib_Inflama,Fib/Endo,2mph,2mph_A03699G6.SCT,60,3118,3923.6541119737726,0.18294310741501218
Fib_Fasci,Fib/Endo,5dpb,BW32_A01597A3_SDSDB_5dpb,5,102,-2635.585560212349,0.7680899288087515
Fib_Fasci,Fib/Endo,12dpb_DPTDI1,BW13_1_B1_DSDB_12dpb,12,41,447.27445958398346,0.36039784187360036
Fib_Fasci,Fib/Endo,12dpb_SPTDI1,BW14_1_C1_SSDB_12dpb,12,93,1576.0858872781173,0.19786582526623125
Fib_Fasci,Fib/Endo,12dpb_DPTDI2,BW13_A3_DSDB_12dpb,12,195,-82.30700417337076,0.5227358283687887
Fib_Fasci,Fib/Endo,12dpb_SPTDI2,BW14_B3_SSDB_12dpb,12,101,2663.119141659847,0.19361475746072607
Fib_Fasci,Fib/Endo,19dpb,BW15D_C6_SDSDB_19dpb,19,232,-2386.188359894343,0.29911427465327206
Fib_Fasci,Fib/Endo,19dpb_p1,BW15D_1_D1_SDSDB_19dpb,19,228,-1432.334946487435,0.2090121407005622
Fib_Fasci,Fib/Endo,26dpb_p1,BW81_C02846B6_SDSDB_26dpb_part1,26,53,211.48524420030077,0.09756677882670775
Fib_Fasci,Fib/Endo,26dpb_p2,BW81_C02846B6_SDSDB_26dpb_part2,26,39,1904.6925979502973,0.38854763309347456
Fib_Fasci,Fib/Endo,2mph,2mph_A03699G6.SCT,60,1616,3681.758797041265,0.2538676405031972
Fib_EN1,Fib/Endo,5dpb,BW32_A01597A3_SDSDB_5dpb,5,28,-2755.042997587372,0.4954883209361995
Fib_EN1,Fib/Endo,12dpb_DPTDI1,BW13_1_B1_DSDB_12dpb,12,58,-299.4978264475709,0.3359394878479641
Fib_EN1,Fib/Endo,12dpb_SPTDI1,BW14_1_C1_SSDB_12dpb,12,69,1281.2223595233272,0.14153331791900547
Fib_EN1,Fib/Endo,12dpb_DPTDI2,BW13_A3_DSDB_12dpb,12,164,334.99854144393953,0.32781554777014077
Fib_EN1,Fib/Endo,12dpb_SPTDI2,BW14_B3_SSDB_12dpb,12,89,2396.68660905337,0.14773237179251783
Fib_EN1,Fib/Endo,19dpb,BW15D_C6_SDSDB_19dpb,19,124,-3129.7671561969946,0.26269948678683297
Fib_EN1,Fib/Endo,19dpb_p1,BW15D_1_D1_SDSDB_19dpb,19,103,-903.4850551228278,0.16763168733667871
Fib_EN1,Fib/Endo,26dpb_p1,BW81_C02846B6_SDSDB_26dpb_part1,26,55,863.7301073575651,0.15894034481073563
Fib_EN1,Fib/Endo,26dpb_p2,BW81_C02846B6_SDSDB_26dpb_part2,26,25,1141.9260536387903,0.1769517920734613
Fib_EN1,Fib/Endo,2mph,2mph_A03699G6.SCT,60,202,3590.921085939418,0.12384596859410202
Fib_Prolif,Fib/Endo,5dpb,BW32_A01597A3_SDSDB_5dpb,5,28,-2032.4749722556194,0.5993458006716643
Fib_Prolif,Fib/Endo,12dpb_DPTDI1,BW13_1_B1_DSDB_12dpb,12,36,439.492422275649,0.3782917497311678
Fib_Prolif,Fib/Endo,12dpb_SPTDI1,BW14_1_C1_SSDB_12dpb,12,58,158…572 tokens truncated…pb_p1,BW15D_1_D1_SDSDB_19dpb,19,380,-840.7110644280585,0.21617518789117168
Fib_CD45,Fib/Endo,26dpb_p1,BW81_C02846B6_SDSDB_26dpb_part1,26,151,563.950831838664,0.3484808170031548
Fib_CD45,Fib/Endo,26dpb_p2,BW81_C02846B6_SDSDB_26dpb_part2,26,89,34.13429983952145,0.46700972329843077
Fib_CD45,Fib/Endo,2mph,2mph_A03699G6.SCT,60,507,3458.0245740819123,0.1461014679165798
Endo_Capillary,Fib/Endo,5dpb,BW32_A01597A3_SDSDB_5dpb,5,573,-2921.364218980638,0.6469998768077323
Endo_Capillary,Fib/Endo,12dpb_DPTDI1,BW13_1_B1_DSDB_12dpb,12,514,-547.3199916041239,0.2821408724921312
Endo_Capillary,Fib/Endo,12dpb_SPTDI1,BW14_1_C1_SSDB_12dpb,12,404,1100.203023539571,0.12821372166178258
Endo_Capillary,Fib/Endo,12dpb_DPTDI2,BW13_A3_DSDB_12dpb,12,1027,761.2943506627242,0.37544119381619556
Endo_Capillary,Fib/Endo,12dpb_SPTDI2,BW14_B3_SSDB_12dpb,12,690,2441.968014129101,0.12723470290341404
Endo_Capillary,Fib/Endo,19dpb,BW15D_C6_SDSDB_19dpb,19,1021,-3181.5825772900707,0.20932900586468922
Endo_Capillary,Fib/Endo,19dpb_p1,BW15D_1_D1_SDSDB_19dpb,19,604,-870.3789248735952,0.1792403584639499
Endo_Capillary,Fib/Endo,26dpb_p1,BW81_C02846B6_SDSDB_26dpb_part1,26,940,488.4211189180071,0.1307355689658934
Endo_Capillary,Fib/Endo,26dpb_p2,BW81_C02846B6_SDSDB_26dpb_part2,26,862,1018.8653635602888,0.19007490788410747
Endo_Capillary,Fib/Endo,2mph,2mph_A03699G6.SCT,60,1860,3837.91918575984,0.13764503599970818
Endo_Arterial,Fib/Endo,5dpb,BW32_A01597A3_SDSDB_5dpb,5,10,-3331.8249849581007,0.7920629994765856
Endo_Arterial,Fib/Endo,12dpb_DPTDI1,BW13_1_B1_DSDB_12dpb,12,9,229.65866358747226,0.5316058367398803
Endo_Arterial,Fib/Endo,12dpb_SPTDI1,BW14_1_C1_SSDB_12dpb,12,12,1736.9526799980572,0.1626053086384004
Endo_Arterial,Fib/Endo,12dpb_DPTDI2,BW13_A3_DSDB_12dpb,12,35,-434.3162003134868,0.4320134614612211
Endo_Arterial,Fib/Endo,12dpb_SPTDI2,BW14_B3_SSDB_12dpb,12,30,1953.126062173756,0.22381257530814574
Endo_Arterial,Fib/Endo,19dpb,BW15D_C6_SDSDB_19dpb,19,31,-3381.56107394299,0.26868574116612426
Endo_Arterial,Fib/Endo,19dpb_p1,BW15D_1_D1_SDSDB_19dpb,19,27,-1871.377109712248,0.11966532145637361
Endo_Arterial,Fib/Endo,26dpb_p1,BW81_C02846B6_SDSDB_26dpb_part1,26,26,195.17812203169026,0.19410947777345797
Endo_Arterial,Fib/Endo,26dpb_p2,BW81_C02846B6_SDSDB_26dpb_part2,26,28,1113.7038624543454,0.18652771600557974
Endo_Arterial,Fib/Endo,2mph,2mph_A03699G6.SCT,60,65,3876.4698945517002,0.23906920298102713
Endo_Venous,Fib/Endo,5dpb,BW32_A01597A3_SDSDB_5dpb,5,769,-2926.2571014997375,0.6744648082847261
Endo_Venous,Fib/Endo,12dpb_DPTDI1,BW13_1_B1_DSDB_12dpb,12,367,-858.3779716145835,0.3451482821441974
Endo_Venous,Fib/Endo,12dpb_SPTDI1,BW14_1_C1_SSDB_12dpb,12,272,1567.2470525132858,0.15637309679970174
Endo_Venous,Fib/Endo,12dpb_DPTDI2,BW13_A3_DSDB_12dpb,12,805,1196.4077722694321,0.3937475373017789
Endo_Venous,Fib/Endo,12dpb_SPTDI2,BW14_B3_SSDB_12dpb,12,742,2255.8949122931344,0.15542883333849092
Endo_Venous,Fib/Endo,19dpb,BW15D_C6_SDSDB_19dpb,19,670,-2683.228411895124,0.22263447938379355
Endo_Venous,Fib/Endo,19dpb_p1,BW15D_1_D1_SDSDB_19dpb,19,507,-892.4611177115036,0.17993200472214507
Endo_Venous,Fib/Endo,26dpb_p1,BW81_C02846B6_SDSDB_26dpb_part1,26,556,2322.023554281309,0.13628224547463286
Endo_Venous,Fib/Endo,26dpb_p2,BW81_C02846B6_SDSDB_26dpb_part2,26,721,1192.5506377637737,0.2848436776407815
Endo_Venous,Fib/Endo,2mph,2mph_A03699G6.SCT,60,1170,3920.372167853111,0.12839707984271664
Endo_Lymphatic,Fib/Endo,5dpb,BW32_A01597A3_SDSDB_5dpb,5,181,-2865.1547266592147,0.5495017065210819
Endo_Lymphatic,Fib/Endo,12dpb_DPTDI1,BW13_1_B1_DSDB_12dpb,12,161,246.8940128985927,0.275114968850509
Endo_Lymphatic,Fib/Endo,12dpb_SPTDI1,BW14_1_C1_SSDB_12dpb,12,165,1427.2399098383494,0.15355556778136106
Endo_Lymphatic,Fib/Endo,12dpb_DPTDI2,BW13_A3_DSDB_12dpb,12,389,609.6706965179079,0.3050962861801804
Endo_Lymphatic,Fib/Endo,12dpb_SPTDI2,BW14_B3_SSDB_12dpb,12,138,1194.6861983049155,0.21313152056647647
Endo_Lymphatic,Fib/Endo,19dpb,BW15D_C6_SDSDB_19dpb,19,330,-2820.196841084096,0.21521478521405177
Endo_Lymphatic,Fib/Endo,19dpb_p1,BW15D_1_D1_SDSDB_19dpb,19,242,-1342.4509335857842,0.15204341002027882
Endo_Lymphatic,Fib/Endo,26dpb_p1,BW81_C02846B6_SDSDB_26dpb_part1,26,230,64.59595082768763,0.09651444958764407
Endo_Lymphatic,Fib/Endo,26dpb_p2,BW81_C02846B6_SDSDB_26dpb_part2,26,142,1791.8267951154971,0.16782010276534398
Endo_Lymphatic,Fib/Endo,2mph,2mph_A03699G6.SCT,60,175,3566.6682906237997,0.07853711927720354
Endo_Prolif,Fib/Endo,5dpb,BW32_A01597A3_SDSDB_5dpb,5,11,-740.3202333648522,0.3099524683722678
Endo_Prolif,Fib/Endo,12dpb_DPTDI1,BW13_1_B1_DSDB_12dpb,12,11,1226.8114904887766,0.15309996631976572
Endo_Prolif,Fib/Endo,12dpb_SPTDI1,BW14_1_C1_SSDB_12dpb,12,35,1714.6788163906804,0.1186439910282602
Endo_Prolif,Fib/Endo,12dpb_DPTDI2,BW13_A3_DSDB_12dpb,12,39,-1637.343155561011,0.3340154393997793
Endo_Prolif,Fib/Endo,12dpb_SPTDI2,BW14_B3_SSDB_12dpb,12,41,2370.107677814064,0.08574118459660691
Endo_Prolif,Fib/Endo,19dpb,BW15D_C6_SDSDB_19dpb,19,80,-2618.659748917564,0.13804322331055785
Endo_Prolif,Fib/Endo,19dpb_p1,BW15D_1_D1_SDSDB_19dpb,19,27,-906.121767193621,0.16369203739037702
Endo_Prolif,Fib/Endo,26dpb_p1,BW81_C02846B6_SDSDB_26dpb_part1,26,50,1143.4164439426581,0.11853572169961563
Endo_Prolif,Fib/Endo,26dpb_p2,BW81_C02846B6_SDSDB_26dpb_part2,26,45,1652.3390229471306,0.20708619983118662
Endo_Prolif,Fib/Endo,2mph,2mph_A03699G6.SCT,60,48,4351.945948208105,0.09297129085649658
Pericyte,Fib/Endo,5dpb,BW32_A01597A3_SDSDB_5dpb,5,322,-3104.2590948247844,0.5376330521702464
Pericyte,Fib/Endo,12dpb_DPTDI1,BW13_1_B1_DSDB_12dpb,12,252,-35.91526744241231,0.22914801717910321
Pericyte,Fib/Endo,12dpb_SPTDI1,BW14_1_C1_SSDB_12dpb,12,246,1943.4278601045294,0.12622245317521325
Pericyte,Fib/Endo,12dpb_DPTDI2,BW13_A3_DSDB_12dpb,12,466,1154.971539768776,0.3460121218065092
Pericyte,Fib/Endo,12dpb_SPTDI2,BW14_B3_SSDB_12dpb,12,296,2806.5759948235136,0.16976242668690122
Pericyte,Fib/Endo,19dpb,BW15D_C6_SDSDB_19dpb,19,423,-2454.9714895072007,0.2100289460269945
Pericyte,Fib/Endo,19dpb_p1,BW15D_1_D1_SDSDB_19dpb,19,343,-1117.9692208440376,0.1961649898396937
Pericyte,Fib/Endo,26dpb_p1,BW81_C02846B6_SDSDB_26dpb_part1,26,330,580.7390881730955,0.1563162296872928
Pericyte,Fib/Endo,26dpb_p2,BW81_C02846B6_SDSDB_26dpb_part2,26,304,1457.981654556006,0.24744496895689547
Pericyte,Fib/Endo,2mph,2mph_A03699G6.SCT,60,1060,4336.727658214133,0.16702086213564415
Schwann,Fib/Endo,5dpb,BW32_A01597A3_SDSDB_5dpb,5,32,-3121.42725660045,0.6545458886918001
Schwann,Fib/Endo,12dpb_DPTDI1,BW13_1_B1_DSDB_12dpb,12,38,-1529.7295047192397,0.48175410466573065
Schwann,Fib/Endo,12dpb_SPTDI1,BW14_1_C1_SSDB_12dpb,12,33,1351.5794842513887,0.31841126444641055
Schwann,Fib/Endo,12dpb_DPTDI2,BW13_A3_DSDB_12dpb,12,104,41.456650533766755,0.740196163309748
Schwann,Fib/Endo,12dpb_SPTDI2,BW14_B3_SSDB_12dpb,12,92,2350.932136468742,0.35802984366626733
Schwann,Fib/Endo,19dpb,BW15D_C6_SDSDB_19dpb,19,63,-1220.4465761482702,0.393628149093779
Schwann,Fib/Endo,19dpb_p1,BW15D_1_D1_SDSDB_19dpb,19,61,184.34915286697282,0.4062286460375751
Schwann,Fib/Endo,26dpb_p1,BW81_C02846B6_SDSDB_26dpb_part1,26,48,438.5442454307116,0.1959015993487767
Schwann,Fib/Endo,26dpb_p2,BW81_C02846B6_SDSDB_26dpb_part2,26,53,-49.818534416076055,0.4254444384360959
Schwann,Fib/Endo,2mph,2mph_A03699G6.SCT,60,235,3386.872061116146,0.2964189118796092
M1_Macrophage,Immune,5dpb,BW32_A01597A3_SDSDB_5dpb,5,97,-2010.3782945355374,0.38758270763157615
M1_Macrophage,Immune,12dpb_DPTDI1,BW13_1_B1_DSDB_12dpb,12,87,-1564.2981163038573,0.19839346409674286
M1_Macrophage,Immune,12dpb_SPTDI1,BW14_1_C1_SSDB_12dpb,12,135,2106.062419777434,0.12907794923646307
M1_Macrophage,Immune,12dpb_DPTDI2,BW13_A3_DSDB_12dpb,12,245,-122.70413780829334,0.33977371910397963
M1_Macrophage,Immune,12dpb_SPTDI2,BW14_B3_SSDB_12dpb,12,86,1483.0504608914398,0.29270784418415496
M1_Macrophage,Immune,19dpb,BW15D_C6_SDSDB_19dpb,19,272,-3599.7154743284864,0.18227132807614546
M1_Macrophage,Immune,19dpb_p1,BW15D_1_D1_SDSDB_19dpb,19,137,-442.341388989475,0.1760779365678398
M1_Macrophage,Immune,26dpb_p1,BW81_C02846B6_SDSDB_26dpb_part1,26,318,1151.4963830393688,0.12470724894933467
M1_Macrophage,Immune,26dpb_p2,BW81_C02846B6_SDSDB_26dpb_part2,26,170,1783.3781464763701,0.4077119536885415
M1_Macrophage,Immune,2mph,2mph_A03699G6.SCT,60,188,4371.926848872379,0.16247192909448854
M2_Macrophage,Immune,5dpb,BW32_A01597A3_SDSDB_5dpb,5,2,-4392.502289454253,0.18311203223071795
M2_Macrophage,Immune,12dpb_DPTDI1,BW13_1_B1_DSDB_12dpb,12,2,-925.8130239102165,0.3998637002842697
M2_Macrophage,Immune,12dpb_SPTDI1,BW14_1_C1_SSDB_12dpb,12,813,-1807.066507308919,0.17556384427060584
M2_Macrophage,Immune,12dpb_DPTDI2,BW13_A3_DSDB_12dpb,12,4,-1110.1382699804071,0.41877580618642374
M2_Macrophage,Immune,12dpb_SPTDI2,BW14_B3_SSDB_12dpb,12,513,2324.6509063752524,0.16913517599346892
M2_Macrophage,Immune,19dpb,BW15D_C6_SDSDB_19dpb,19,242,-1181.2514510301899,0.1318697163923817
M2_Macrophage,Immune,19dpb_p1,BW15D_1_D1_SDSDB_19dpb,19,120,-1376.8589088820004,0.1298546125977863
M2_Macrophage,Immune,26dpb_p1,BW81_C02846B6_SDSDB_26dpb_part1,26,171,1890.9250402405714,0.1206103546519843
M2_Macrophage,Immune,26dpb_p2,BW81_C02846B6_SDSDB_26dpb_part2,26,27,739.5666128435097,0.3014483816651959
M2_Macrophage,Immune,2mph,2mph_A03699G6.SCT,60,536,4003.8645192218883,0.07487096506010987
LAM,Immune,5dpb,BW32_A01597A3_SDSDB_5dpb,5,139,-1995.483270573144,0.6046978991725133
LAM,Immune,12dpb_DPTDI1,BW13_1_B1_DSDB_12dpb,12,144,658.7534728209465,0.33864796783626067
LAM,Immune,12dpb_SPTDI1,BW14_1_C1_SSDB_12dpb,12,138,1390.4703572166486,0.2633133618269478
LAM,Immune,12dpb_DPTDI2,BW13_A3_DSDB_12dpb,12,255,-7.348093392224662,0.41616312284263623
LAM,Immune,12dpb_SPTDI2,BW14_B3_SSDB_12dpb,12,162,1421.4171055542745,0.2192192812087299
LAM,Immune,19dpb,BW15D_C6_SDSDB_19dpb,19,164,-2497.98315474422,0.21997664170748749
LAM,Immune,19dpb_p1,BW15D_1_D1_SDSDB_19dpb,19,118,-461.23857802090765,0.22336857881792488
LAM,Immune,26dpb_p1,BW81_C02846B6_SDSDB_26dpb_part1,26,742,581.350973551906,0.47602490228240696
LAM,Immune,26dpb_p2,BW81_C02846B6_SDSDB_26dpb_part2,26,410,1199.3501500865389,0.4909738643727751
LAM,Immune,2mph,2mph_A03699G6.SCT,60,453,3606.479456824224,0.2803411297173529
Neutrophil,Immune,5dpb,BW32_A01597A3_SDSDB_5dpb,5,4,-379.4759226888926,0.27261627262312826
Neutrophil,Immune,12dpb_DPTDI1,BW13_1_B1_DSDB_12dpb,12,7,3341.7270076313057,0.42890498115812653
Neutrophil,Immune,12dpb_SPTDI1,BW14_1_C1_SSDB_12dpb,12,6,970.9792592777294,0.18936051282596944
Neutrophil,Immune,12dpb_DPTDI2,BW13_A3_DSDB_12dpb,12,8,1623.9837713524157,0.07469934602772954
Neutrophil,Immune,12dpb_SPTDI2,BW14_B3_SSDB_12dpb,12,4,2611.4398204561912,0.14090105538498032
Neutrophil,Immune,19dpb,BW15D_C6_SDSDB_19dpb,19,10,-5602.168402757872,0.2501262216807351
Neutrophil,Immune,19dpb_p1,BW15D_1_D1_SDSDB_19dpb,19,6,-1532.5199293947426,0.06621201706525341
Neutrophil,Immune,26dpb_p1,BW81_C02846B6_SDSDB_26dpb_part1,26,56,500.40683327090323,0.3866737667527654
Neutrophil,Immune,26dpb_p2,BW81_C02846B6_SDSDB_26dpb_part2,26,38,-250.4052816472597,0.4626445232766814
Neutrophil,Immune,2mph,2mph_A03699G6.SCT,60,96,2611.7231586511143,0.10917027488046097
Mast,Immune,5dpb,BW32_A01597A3_SDSDB_5dpb,5,78,-2513.3827369653195,0.554399795008008
Mast,Immune,12dpb_DPTDI1,BW13_1_B1_DSDB_12dpb,12,140,889.2938393755231,0.4545078713475189
Mast,Immune,12dpb_SPTDI1,BW14_1_C1_SSDB_12dpb,12,177,1103.3850040549114,0.49928927982567667
Mast,Immune,12dpb_DPTDI2,BW13_A3_DSDB_12dpb,12,149,944.9226022141581,0.4152088378809769
Mast,Immune,12dpb_SPTDI2,BW14_B3_SSDB_12dpb,12,163,2018.3597375801749,0.2703968078573459
Mast,Immune,19dpb,BW15D_C6_SDSDB_19dpb,19,167,-3007.2455649272006,0.328831435782486
Mast,Immune,19dpb_p1,BW15D_1_D1_SDSDB_19dpb,19,178,-564.8643695104618,0.32467210837704885
Mast,Immune,26dpb_p1,BW81_C02846B6_SDSDB_26dpb_part1,26,222,1197.6982610911264,0.3034936042929245
Mast,Immune,26dpb_p2,BW81_C02846B6_SDSDB_26dpb_part2,26,113,-493.23083557697464,0.4245507852006058
Mast,Immune,2mph,2mph_A03699G6.SCT,60,935,3966.84535003261,0.2885859568990263
cDC1,Immune,5dpb,BW32_A01597A3_SDSDB_5dpb,5,54,-2296.1195974057755,0.5303428016108609
cDC1,Immune,12dpb_DPTDI1,BW13_1_B1_DSDB_12dpb,12,20,392.5054062740434,0.4533472068217679
cDC1,Immune,12dpb_SPTDI1,BW14_1_C1_SSDB_12dpb,12,36,1013.3378707518716,0.2673927276126842
cDC1,Immune,12dpb_DPTDI2,BW13_A3_DSDB_12dpb,12,47,708.3506664962889,0.5631553925290465
cDC1,Immune,12dpb_SPTDI2,BW14_B3_SSDB_12dpb,12,31,1284.274386685998,0.2509007435379831
cDC1,Immune,19dpb,BW15D_C6_SDSDB_19dpb,19,36,-2708.6043418979143,0.20107922103434533
cDC1,Immune,19dpb_p1,BW15D_1_D1_SDSDB_19dpb,19,21,-1301.7034600827087,0.250907970676423
cDC1,Immune,26dpb_p1,BW81_C02846B6_SDSDB_26dpb_part1,26,56,1245.0035984339297,0.22310001550339326
cDC1,Immune,26dpb_p2,BW81_C02846B6_SDSDB_26dpb_part2,26,46,498.8320943488941,0.3900545996845872
cDC1,Immune,2mph,2mph_A03699G6.SCT,60,156,3865.7891251506617,0.2584887982285263
cDC2,Immune,5dpb,BW32_A01597A3_SDSDB_5dpb,5,31,-510.268289547919,0.4632095014293558
cDC2,Immune,12dpb_DPTDI1,BW13_1_B1_DSDB_12dpb,12,12,539.2398466852935,0.3884130180103635
cDC2,Immune,12dpb_SPTDI1,BW14_1_C1_SSDB_12dpb,12,15,976.812890222518,0.14899875180870126
cDC2,Immune,12dpb_DPTDI2,BW13_A3_DSDB_12dpb,12,39,-889.3368196886646,0.283715346597462
cDC2,Immune,12dpb_SPTDI2,BW14_B3_SSDB_12dpb,12,19,3568.0051294158147,0.20003693835121306
cDC2,Immune,19dpb,BW15D_C6_SDSDB_19dpb,19,70,-3345.795174501919,0.32290484719296847
cDC2,Immune,19dpb_p1,BW15D_1_D1_SDSDB_19dpb,19,42,-1276.7481631762257,0.20768532152686187
cDC2,Immune,26dpb_p1,BW81_C02846B6_SDSDB_26dpb_part1,26,58,1423.0419140768536,0.13298081126682965
cDC2,Immune,26dpb_p2,BW81_C02846B6_SDSDB_26dpb_part2,26,32,172.72932522896954,0.11935584145013171
cDC2,Immune,2mph,2mph_A03699G6.SCT,60,161,3042.425217471056,0.10557372601370822
pDC,Immune,5dpb,BW32_A01597A3_SDSDB_5dpb,5,63,-1996.934139964801,0.5795226690871452
pDC,Immune,12dpb_DPTDI1,BW13_1_B1_DSDB_12dpb,12,25,1145.0610801483126,0.41810593298519977
pDC,Immune,12dpb_SPTDI1,BW14_1_C1_SSDB_12dpb,12,33,1556.2868974048943,0.15421335432704017
pDC,Immune,12dpb_DPTDI2,BW13_A3_DSDB_12dpb,12,39,-29.837674426776612,0.5267133631013449
pDC,Immune,12dpb_SPTDI2,BW14_B3_SSDB_12dpb,12,59,2188.320585755121,0.35419549410052364
pDC,Immune,19dpb,BW15D_C6_SDSDB_19dpb,19,55,-4158.956492954228,0.2782214334645823
pDC,Immune,19dpb_p1,BW15D_1_D1_SDSDB_19dpb,19,41,-1066.346281326121,0.2436845867492515
pDC,Immune,26dpb_p1,BW81_C02846B6_SDSDB_26dpb_part1,26,107,1456.0967161375727,0.2125436609952777
pDC,Immune,26dpb_p2,BW81_C02846B6_SDSDB_26dpb_part2,26,122,309.0824455242092,0.40884282468907973
pDC,Immune,2mph,2mph_A03699G6.SCT,60,127,3760.830697699852,0.25877127869183186
LGHS,Immune,5dpb,BW32_A01597A3_SDSDB_5dpb,5,0,,
LGHS,Immune,12dpb_DPTDI1,BW13_1_B1_DSDB_12dpb,12,0,,
LGHS,Immune,12dpb_SPTDI1,BW14_1_C1_SSDB_12dpb,12,0,,
LGHS,Immune,12dpb_DPTDI2,BW13_A3_DSDB_12dpb,12,1,-4764.72121098672,0.11113084210089394
LGHS,Immune,12dpb_SPTDI2,BW14_B3_SSDB_12dpb,12,0,,
LGHS,Immune,19dpb,BW15D_C6_SDSDB_19dpb,19,1,-364.1832894471579,0.019664314256664168
LGHS,Immune,19dpb_p1,BW15D_1_D1_SDSDB_19dpb,19,0,,
LGHS,Immune,26dpb_p1,BW81_C02846B6_SDSDB_26dpb_part1,26,1,3561.66506314537,0.10303099369671465
LGHS,Immune,26dpb_p2,BW81_C02846B6_SDSDB_26dpb_part2,26,0,,
LGHS,Immune,2mph,2mph_A03699G6.SCT,60,0,,
B_Mature,Immune,5dpb,BW32_A01597A3_SDSDB_5dpb,5,2,-1833.477829458629,0.5596318176070425
B_Mature,Immune,12dpb_DPTDI1,BW13_1_B1_DSDB_12dpb,12,7,-499.2022461782442,0.5524049335708542
B_Mature,Immune,12dpb_SPTDI1,BW14_1_C1_SSDB_12dpb,12,11,1465.423676022423,0.39811771543025193
B_Mature,Immune,12dpb_DPTDI2,BW13_A3_DSDB_12dpb,12,12,2486.6963450702488,0.3747206189668466
B_Mature,Immune,12dpb_SPTDI2,BW14_B3_SSDB_12dpb,12,4,4317.6416808521235,0.47400704470881105
B_Mature,Immune,19dpb,BW15D_C6_SDSDB_19dpb,19,27,-5599.832109668907,0.22413117348880074
B_Mature,Immune,19dpb_p1,BW15D_1_D1_SDSDB_19dpb,19,7,-1239.524444006949,0.3743807198590262
B_Mature,Immune,26dpb_p1,BW81_C02846B6_SDSDB_26dpb_part1,26,27,1513.1676759515854,0.4995590717014219
B_Mature,Immune,26dpb_p2,BW81_C02846B6_SDSDB_26dpb_part2,26,33,372.7074575515344,0.4374231238824974
B_Mature,Immune,2mph,2mph_A03699G6.SCT,60,129,5186.102127424658,0.29722256827355686
B_Plasma,Immune,5dpb,BW32_A01597A3_SDSDB_5dpb,5,16,-4018.3613867436516,0.53437343494442
B_Plasma,Immune,12dpb_DPTDI1,BW13_1_B1_DSDB_12dpb,12,145,104.47225934062266,0.6462219288385113
B_Plasma,Immune,12dpb_SPTDI1,BW14_1_C1_SSDB_12dpb,12,821,1603.8682238081794,0.7030336794430604
B_Plasma,Immune,12dpb_DPTDI2,BW13_A3_DSDB_12dpb,12,898,1171.6677267908135,0.5375108696992479
B_Plasma,Immune,12dpb_SPTDI2,BW14_B3_SSDB_12dpb,12,629,1000.0420912678434,0.39660907088672315
B_Plasma,Immune,19dpb,BW15D_C6_SDSDB_19dpb,19,1161,-4326.102674478717,0.3403613879913432
B_Plasma,Immune,19dpb_p1,BW15D_1_D1_SDSDB_19dpb,19,933,-1136.5617703580428,0.26664081090502456
B_Plasma,Immune,26dpb_p1,BW81_C02846B6_SDSDB_26dpb_part1,26,2955,1151.3423741391764,0.4454043784375186
B_Plasma,Immune,26dpb_p2,BW81_C02846B6_SDSDB_26dpb_part2,26,2721,1253.3814424773761,0.45424409676456584
B_Plasma,Immune,2mph,2mph_A03699G6.SCT,60,2041,4636.374080616611,0.32266488466871457
CD4_T,Immune,5dpb,BW32_A01597A3_SDSDB_5dpb,5,87,-2719.277642348823,0.52290534880354
CD4_T,Immune,12dpb_DPTDI1,BW13_1_B1_DSDB_12dpb,12,43,975.4413069722959,0.5083777034187795
CD4_T,Immune,12dpb_SPTDI1,BW14_1_C1_SSDB_12dpb,12,58,1075.4542861980422,0.23557406659345495
CD4_T,Immune,12dpb_DPTDI2,BW13_A3_DSDB_12dpb,12,92,947.405183339771,0.45761451431495137
CD4_T,Immune,12dpb_SPTDI2,BW14_B3_SSDB_12dpb,12,47,2281.829161643849,0.2532898819408095
CD4_T,Immune,19dpb,BW15D_C6_SDSDB_19dpb,19,153,-3093.8097040957045,0.26737684920038496
CD4_T,Immune,19dpb_p1,BW15D_1_D1_SDSDB_19dpb,19,76,-1285.6359338358907,0.2819385588435205
CD4_T,Immune,26dpb_p1,BW81_C02846B6_SDSDB_26dpb_part1,26,166,1294.8697932829264,0.2291342601430395
CD4_T,Immune,26dpb_p2,BW81_C02846B6_SDSDB_26dpb_part2,26,130,-111.02832293508224,0.4786133535667302
CD4_T,Immune,2mph,2mph_A03699G6.SCT,60,261,3840.8895570392297,0.28539333352123336
CD8_T,Immune,5dpb,BW32_A01597A3_SDSDB_5dpb,5,18,-1990.1441739978795,0.44593090441435035
CD8_T,Immune,12dpb_DPTDI1,BW13_1_B1_DSDB_12dpb,12,5,-646.8881863712305,0.47904387755452016
CD8_T,Immune,12dpb_SPTDI1,BW14_1_C1_SSDB_12dpb,12,3,-40.71376790492286,0.1822302997664485
CD8_T,Immune,12dpb_DPTDI2,BW13_A3_DSDB_12dpb,12,9,-1020.9084929067799,0.2903310390760421
CD8_T,Immune,12dpb_SPTDI2,BW14_B3_SSDB_12dpb,12,4,4364.150076821414,0.12238289478400352
CD8_T,Immune,19dpb,BW15D_C6_SDSDB_19dpb,19,10,-4177.885033266142,0.18197697539795377
CD8_T,Immune,19dpb_p1,BW15D_1_D1_SDSDB_19dpb,19,7,-1065.4331112891555,0.21753941567773324
CD8_T,Immune,26dpb_p1,BW81_C02846B6_SDSDB_26dpb_part1,26,63,2045.0682238892132,0.16288603080155556
CD8_T,Immune,26dpb_p2,BW81_C02846B6_SDSDB_26dpb_part2,26,50,-888.8280917744828,0.39765650309402134
CD8_T,Immune,2mph,2mph_A03699G6.SCT,60,55,3303.944251027377,0.25857749324591545
NK,Immune,5dpb,BW32_A01597A3_SDSDB_5dpb,5,39,-1005.5039735090454,0.5735533016041416
NK,Immune,12dpb_DPTDI1,BW13_1_B1_DSDB_12dpb,12,11,-494.0377473056276,0.33539621797558045
NK,Immune,12dpb_SPTDI1,BW14_1_C1_SSDB_12dpb,12,18,1096.8442663289352,0.4093653860419114
NK,Immune,12dpb_DPTDI2,BW13_A3_DSDB_12dpb,12,31,-334.2065734014095,0.4140752104840575
NK,Immune,12dpb_SPTDI2,BW14_B3_SSDB_12dpb,12,18,3556.5204553982226,0.2829223630466876
NK,Immune,19dpb,BW15D_C6_SDSDB_19dpb,19,37,-3103.500726262596,0.3421946192560103
NK,Immune,19dpb_p1,BW15D_1_D1_SDSDB_19dpb,19,43,-951.9333336418634,0.2548018328459837
NK,Immune,26dpb_p1,BW81_C02846B6_SDSDB_26dpb_part1,26,125,1139.0517261314403,0.28787659521200937
NK,Immune,26dpb_p2,BW81_C02846B6_SDSDB_26dpb_part2,26,83,-1369.2720965109193,0.4846442283444702
NK,Immune,2mph,2mph_A03699G6.SCT,60,139,4293.392504067004,0.2952615657509902

