cell_type,compartment,metric,n_sections,kruskal_statistic,kruskal_p,spearman_rho,spearman_p,kruskal_fdr,spearman_fdr
KC_Basal,Other KC/SAC,median_x_um,9,1.7111111111111086,0.7886983004393996,0.11114765480922503,0.7758899575010633,0.7886983004393996,0.8326623934157753
KC_Basal,Other KC/SAC,median_depth,9,6.600000000000001,0.15859761982533194,-0.760933944463156,0.017252402031475437,0.34012995029957166,0.1380192162518035
KC_Basal_Mig,Other KC/SAC,median_x_um,7,1.571428571428573,0.6658854092726989,0.03742405942825599,0.9365114250694435,0.6893872472470294,0.9472759242081727
KC_Basal_Mig,Other KC/SAC,median_depth,7,5.464285714285712,0.14079040045105173,-0.6174969805662239,0.13954464740813846,0.3221450310173305,0.36117438152694664
KC_Basal_Prolif,Other KC/SAC,median_x_um,6,4.285714285714285,0.2322191439242609,0.0,1.0,0.3585137660585081,1.0
KC_Basal_Prolif,Other KC/SAC,median_depth,6,3.857142857142854,0.2773090569001128,-0.26482044885142486,0.612055238565705,0.40381367486633196,0.6905238588946415
KC_Spinous,Other KC/SAC,median_x_um,7,5.785714285714285,0.21573299487016803,-0.40006613209931946,0.3738474947999902,0.3581981801617884,0.5360424593089821
KC_Spinous,Other KC/SAC,median_depth,7,5.785714285714285,0.21573299487016803,-0.6546536707079773,0.11056669073123553,0.3581981801617884,0.3370585616870088
KC_Spinous_Mat,Other KC/SAC,median_x_um,6,4.714285714285712,0.193954544586844,-0.7944613465542746,0.05902759992532669,0.34012995029957166,0.27667031983801144
KC_Spinous_Mat,Other KC/SAC,median_depth,6,4.714285714285712,0.193954544586844,-0.44136741475237473,0.3809392104771887,0.34012995029957166,0.5360424593089821
KC_Granular,Other KC/SAC,median_x_um,6,4.714285714285712,0.193954544586844,-0.6179143806533246,0.1910939016901931,0.34012995029957166,0.4094362087068668
KC_Granular,Other KC/SAC,median_depth,6,4.714285714285712,0.193954544586844,-0.6179143806533246,0.1910939016901931,0.34012995029957166,0.4094362087068668
SAC_SG_Clear,Other KC/SAC,median_x_um,10,7.772727272727273,0.10026734180655113,0.597910138705744,0.06789346418993146,0.3221450310173305,0.27667031983801144
SAC_SG_Clear,Other KC/SAC,median_depth,10,7.7454545454545425,0.1013603309936849,-0.7426673301818716,0.013872422769963262,0.3221450310173305,0.12207732037567672
SAC_SG_Ductal,Other KC/SAC,median_x_um,10,8.18181818181818,0.08514048066857684,0.5916163477719995,0.0716095303257301,0.3221450310173305,0.27667031983801144
SAC_SG_Ductal,Other KC/SAC,median_depth,10,8.018181818181816,0.09091443716337547,-0.811899030453063,0.004335009581957404,0.3221450310173305,0.06358014053537527
SAC_HF_IRS,Other KC/SAC,median_x_um,10,8.345454545454544,0.079712632557804,0.6608480480431908,0.03749369209343668,0.3221450310173305,0.25380345417095596
SAC_HF_IRS,Other KC/SAC,median_depth,10,8.18181818181818,0.08514048066857684,-0.8181928213868077,0.0038140506104581773,0.3221450310173305,0.06358014053537527
SAC_HF_ORS,Other KC/SAC,median_x_um,10,7.772727272727273,0.10026734180655113,0.6986107936456588,0.024611765639358227,0.3221450310173305,0.18048628135529368
SAC_HF_ORS,Other KC/SAC,median_depth,10,8.18181818181818,0.08514048066857684,-0.8181928213868077,0.0038140506104581773,0.3221450310173305,0.06358014053537527
SAC_HF_HFSC,Other KC/SAC,median_x_um,10,6.872727272727268,0.14276882056449874,0.33986471042221245,0.3366329872237972,0.3221450310173305,0.5020966589100704
SAC_HF_HFSC,Other KC/SAC,median_depth,10,8.345454545454544,0.079712632557804,-0.8370741941880416,0.0025199974871578487,0.3221450310173305,0.06358014053537527
SAC_HF_DP_DS,Other KC/SAC,median_x_um,10,7.036363636363632,0.1339790066792329,0.27063301015102104,0.4494781536631878,0.3221450310173305,0.5418366783885004
SAC_HF_DP_DS,Other KC/SAC,median_depth,10,8.018181818181816,0.09091443716337547,-0.7615487029831055,0.010485333496126365,0.3221450310173305,0.10252326085101335
SAC_HF_Matrix,Other KC/SAC,median_x_um,10,6.463636363636361,0.1670960552311933,0.32098333762097836,0.36582938721203473,0.34012995029957166,0.5360424593089821
SAC_HF_Matrix,Other KC/SAC,median_depth,10,7.772727272727273,0.10026734180655113,-0.8496617760555312,0.0018564144776255112,0.3221450310173305,0.06358014053537527
Melanocyte,Other KC/SAC,median_x_um,9,4.93333333333333,0.2942065670960607,0.06839855680567694,0.8612016986652904,0.41758351458795706,0.9039563138965482
Melanocyte,Other KC/SAC,median_depth,9,5.644444444444446,0.22732143834323704,-0.6839855680567695,0.04216719340979729,0.3585137660585081,0.26505093000444013
Fib_Papi,Fib/Endo,median_x_um,10,6.872727272727268,0.14276882056449874,0.5664411840370207,0.0877885818824814,0.3221450310173305,0.29713058483301397
Fib_Papi,Fib/Endo,median_depth,10,4.5,0.34254747982605904,-0.44685915629587186,0.1954127359737319,0.4432967385984294,0.4094362087068668
Fib_SFRP2,Fib/Endo,median_x_um,10,7.036363636363632,0.1339790066792329,0.40909641069340386,0.24043166280382577,0.3221450310173305,0.43179563932115655
Fib_SFRP2,Fib/Endo,median_depth,10,2.9454545454545453,0.566994558544514,-0.4531529472296166,0.18842971034695138,0.6236940143989654,0.4094362087068668
Fib_Myo,Fib/Endo,median_x_um,10,7.036363636363632,0.1339790066792329,0.40909641069340386,0.24043166280382577,0.3221450310173305,0.43179563932115655
Fib_Myo,Fib/Endo,median_depth,10,3.1090909090909093,0.5397381572501496,-0.47203432003085055,0.16837273368937988,0.6089353568976047,0.40505439489542344
Fib_Inflama,Fib/Endo,median_x_um,10,6.954545454545453,0.1383098760594301,0.27692680108476564,0.43858019398007625,0.3221450310173305,0.5360424593089821
Fib_Inflama,Fib/Endo,median_depth,10,3.7909090909090892,0.4350421151101227,-0.503503274699574,0.13790291298858187,0.5244343305437095,0.36117438152694664
Fib_Fasci,Fib/Endo,median_x_um,10,7.036363636363632,0.1339790066792329,0.40909641069340386,0.24043166280382577,0.3221450310173305,0.43179563932115655
Fib_Fasci,Fib/Endo,median_depth,10,2.5363636363636317,0.6381363723059834,-0.34615850135595705,0.3271756148334698,0.6685238186062683,0.5020966589100704
Fib_EN1,Fib/Endo,median_x_um,10,6.872727272727268,0.14276882056449874,0.33986471042221245,0.3366329872237972,0.3221450310173305,0.5020966589100704
Fib_EN1,Fib/Endo,median_depth,10,4.527272727272724,0.3393258781259192,-0.5349722293682974,0.11107611691958244,0.4432967385984294,0.3370585616870088
Fib_Prolif,Fib/Endo,median_x_um,10,7.199999999999996,0.125689123257546,0.4657405290971059,0.17490985234120557,0.3221450310173305,0.40505439489542344
Fib_Prolif,Fib/Endo,median_depth,10,5.0727272727272705,0.2799162973505256,-0.560147393103276,0.09216939397561713,0.40381367486633196,0.3004039507353447
Fib_K14,Fib/Endo,median_x_um,10,7.199999999999996,0.125689123257546,0.21398889174731894,0.5527517154799174,0.3221450310173305,0.6317162462627628
Fib_K14,Fib/Endo,median_depth,10,4.5,0.34254747982605904,-0.5853225568382547,0.07545554177400311,0.4432967385984294,0.27667031983801144
Fib_CD45,Fib/Endo,median_x_um,10,6.954545454545453,0.1383098760594301,0.27692680108476564,0.43858019398007625,0.3221450310173305,0.5360424593089821
Fib_CD45,Fib/Endo,median_depth,10,7.036363636363632,0.1339790066792329,-0.6104977205732334,0.060844606433643304,0.3221450310173305,0.27667031983801144
Endo_Capillary,Fib/Endo,median_x_um,10,6.954545454545453,0.1383098760594301,0.27692680108476564,0.43858019398007625,0.3221450310173305,0.5360424593089821
Endo_Capillary,Fib/Endo,median_depth,10,2.836363636363636,0.5855721501953058,-0.3524522922897017,0.31785766033992174,0.6361771508294681,0.5020966589100704
Endo_Arterial,Fib/Endo,median_x_um,10,6.954545454545453,0.1383098760594301,0.27692680108476564,0.43858019398007625,0.3221450310173305,0.5360424593089821
Endo_Arterial,Fib/Endo,median_depth,10,3.7090909090909108,0.4468050834322371,-0.4657405290971059,0.17490985234120557,0.53133577489239,0.40505439489542344
Endo_Venous,Fib/Endo,median_x_um,10,7.118181818181817,0.12977310916444904,0.47203432003085055,0.16837273368937988,0.3221450310173305,0.40505439489542344
Endo_Venous,Fib/Endo,median_depth,10,4.7454545454545425,0.31442629830647634,-0.6356728843082121,0.04823078705965574,0.43233616017140497,0.27667031983801144
Endo_Lymphatic,Fib/Endo,median_x_um,10,7.036363636363632,0.1339790066792329,0.40909641069340386,0.24043166280382577,0.3221450310173305,0.43179563932115655
Endo_Lymphatic,Fib/Endo,median_depth,10,6.027272727272724,0.19712076665088812,-0.7993114485855738,0.00552659670271479,0.34012995029957166,0.06947721569127165
Endo_Prolif,Fib/Endo,median_x_um,10,5.427272727272722,0.24619661479864735,0.21398889174731894,0.5527517154799174,0.37353969141863735,0.6317162462627628
Endo_Prolif,Fib/Endo,median_depth,10,2.7545454545454504,0.5997041614811696,-0.3587460832234465,0.3086802439017633,0.6435849537846698,0.5020966589100704
Pericyte,Fib/Endo,median_x_um,10,7.118181818181817,0.12977310916444904,0.34615850135595705,0.3271756148334698,0.3221450310173305,0.5020966589100704
Pericyte,Fib/Endo,median_depth,10,2.972727272727269,0.562399751527048,-0.40909641069340386,0.24043166280382577,0.6236940143989654,0.43179563932115655
Schwann,Fib/Endo,median_x_um,10,4.7454545454545425,0.31442629830647634,0.43427157442838255,0.20982514389488174,0.43233616017140497,0.4196502877897635
Schwann,Fib/Endo,median_depth,10,3.4090909090909065,0.49183519144140375,-0.5853225568382547,0.07545554177400311,0.5744015698732747,0.27667031983801144
M1_Macrophage,Immune,median_x_um,10,6.109090909090909,0.19114807905191508,0.4405653653621272,0.20254456081818498,0.34012995029957166,0.4145097988837274
M1_Macrophage,Immune,median_depth,10,2.2636363636363654,0.6873972193641105,-0.3902150378921698,0.2649355726349633,0.7033832012097875,0.4571437331740543
M2_Macrophage,Immune,median_x_um,10,6.163636363636364,0.18725655324982834,0.6104977205732334,0.060844606433643304,0.34012995029957166,0.27667031983801144
M2_Macrophage,Immune,median_depth,10,5.127272727272725,0.2744860360994036,-0.6293790933744674,0.05120336007046364,0.40381367486633196,0.27667031983801144
LAM,Immune,median_x_um,10,6.954545454545453,0.1383098760594301,0.27692680108476564,0.43858019398007625,0.3221450310173305,0.5360424593089821
LAM,Immune,median_depth,10,6.600000000000001,0.15859761982533194,-0.031468954668723376,0.9312297914362022,0.34012995029957166,0.9472759242081727
Neutrophil,Immune,median_x_um,10,7.936363636363637,0.0939372872422589,-0.06293790933744675,0.8628673905376142,0.3221450310173305,0.9039563138965482
Neutrophil,Immune,median_depth,10,4.5818181818181785,0.33295589511498414,0.03776274560246805,0.917511691464929,0.4432967385984294,0.9472759242081727
Mast,Immune,median_x_um,10,6.954545454545453,0.1383098760594301,0.27692680108476564,0.43858019398007625,0.3221450310173305,0.5360424593089821
Mast,Immune,median_depth,10,3.9272727272727224,0.4159378836320755,-0.5664411840370207,0.0877885818824814,0.5083685244392033,0.29713058483301397
cDC1,Immune,median_x_um,10,6.872727272727268,0.14276882056449874,0.33986471042221245,0.3366329872237972,0.3221450310173305,0.5020966589100704
cDC1,Immune,median_depth,10,4.227272727272727,0.37612073939501056,-0.503503274699574,0.13790291298858187,0.46617781784170326,0.36117438152694664
cDC2,Immune,median_x_um,10,5.727272727272727,0.2204625233869479,0.15734477334361685,0.6642037593721292,0.3585137660585081,0.7242798353909465
cDC2,Immune,median_depth,10,7.118181818181817,0.12977310916444904,-0.7741362848505949,0.008580889744023603,0.3221450310173305,0.09438978718425962
pDC,Immune,median_x_um,10,6.954545454545453,0.1383098760594301,0.27692680108476564,0.43858019398007625,0.3221450310173305,0.5360424593089821
pDC,Immune,median_depth,10,3.2727272727272734,0.5132649583285267,-0.503503274699574,0.13790291298858187,0.5865885238040305,0.36117438152694664
LGHS,Immune,median_x_um,3,2.0,0.36787944117144245,1.0,0.0,0.4624770117583848,0.0
LGHS,Immune,median_depth,3,2.0,0.36787944117144245,-0.5,0.6666666666666666,0.4624770117583848,0.7242798353909465
B_Mature,Immune,median_x_um,10,6.954545454545453,0.1383098760594301,0.27692680108476564,0.43858019398007625,0.3221450310173305,0.5360424593089821
B_Mature,Immune,median_depth,10,6.954545454545453,0.1383098760594301,-0.503503274699574,0.13790291298858187,0.3221450310173305,0.36117438152694664
B_Plasma,Immune,median_x_um,10,6.954545454545453,0.1383098760594301,0.4028026197596592,0.2484528477817245,0.3221450310173305,0.4372770120958351
B_Plasma,Immune,median_depth,10,6.463636363636361,0.1670960552311933,-0.597910138705744,0.06789346418993146,0.34012995029957166,0.27667031983801144
CD4_T,Immune,median_x_um,10,6.954545454545453,0.1383098760594301,0.27692680108476564,0.43858019398007625,0.3221450310173305,0.5360424593089821
CD4_T,Immune,median_depth,10,2.6999999999999957,0.6092146125178459,-0.3021019648197444,0.3962337264027575,0.6459142879707281,0.5360424593089821
CD8_T,Immune,median_x_um,10,6.2454545454545425,0.18155214450982263,0.25804542828353166,0.47163464935861016,0.34012995029957166,0.5608628262642932
CD8_T,Immune,median_depth,10,1.9090909090909065,0.7524747842595367,-0.2454578464160423,0.4942586187281787,0.7611239197107957,0.579930112641063
NK,Immune,median_x_um,10,5.590909090909086,0.23185331575429055,0.15734477334361685,0.6642037593721292,0.3585137660585081,0.7242798353909465
NK,Immune,median_depth,10,3.3818181818181827,0.49607408307237366,-0.3524522922897017,0.31785766033992174,0.5744015698732747,0.5020966589100704

