section,conditioned_on,cell_state,distance_coordinate_units,distance_um,cooccurrence_probability_ratio
26dpb_p2,Fib_K14,B_Mature,518.3039897581684,259.1519948790842,0.9044770036891098
26dpb_p2,Fib_K14,B_Mature,711.3480834332199,355.67404171660996,0.8701024780156363
26dpb_p2,Fib_K14,B_Mature,904.3921771082714,452.1960885541357,0.8447094688440109
26dpb_p2,Fib_K14,B_Mature,1097.436270783323,548.7181353916615,0.8388807124868366
26dpb_p2,Fib_K14,B_Mature,1290.4803644583744,645.2401822291872,0.8654973568978558
26dpb_p2,Fib_K14,B_Mature,1483.524458133426,741.762229066713,0.9063596168597902
26dpb_p2,Fib_K14,B_Mature,1676.5685518084774,838.2842759042387,0.9212470667790317
26dpb_p2,Fib_K14,B_Mature,1869.612645483529,934.8063227417645,0.9291311389242718
26dpb_p2,Fib_K14,B_Mature,2062.6567391585804,1031.3283695792902,0.9285661907608104
26dpb_p2,Fib_K14,B_Mature,2255.700832833632,1127.850416416816,0.9321392611351043
26dpb_p2,Fib_K14,B_Mature,2448.7449265086834,1224.3724632543417,0.9384761313329326
26dpb_p2,Fib_K14,B_Mature,2641.789020183735,1320.8945100918675,0.9482567878384432
26dpb_p2,Fib_K14,B_Mature,2834.8331138587864,1417.4165569293932,0.958552592418865
26dpb_p2,Fib_K14,B_Mature,3027.877207533838,1513.938603766919,0.9632882603501794
26dpb_p2,Fib_K14,B_Mature,3220.9213012088894,1610.4606506044447,0.9697873852401285
26dpb_p2,Fib_K14,B_Mature,3413.965394883941,1706.9826974419705,0.9747143446230381
26dpb_p2,Fib_K14,B_Mature,3607.0094885589924,1803.5047442794962,0.9779938977954444
26dpb_p2,Fib_K14,B_Mature,3800.053582234044,1900.026791117022,0.978943598996144
26dpb_p2,Fib_K14,B_Mature,3993.0976759090954,1996.5488379545477,0.9836785119368034
26dpb_p2,Fib_K14,B_Mature,4186.1417695841465,2093.0708847920732,0.9888053044583361
26dpb_p2,Fib_K14,B_Mature,4379.185863259198,2189.592931629599,0.9895417651077965
26dpb_p2,Fib_K14,B_Mature,4572.2299569342495,2286.1149784671247,0.9881430476464399
26dpb_p2,Fib_K14,B_Mature,4765.274050609301,2382.6370253046507,0.983243443000725
26dpb_p2,Fib_K14,B_Mature,4958.3181442843525,2479.1590721421762,0.9810561607082005
26dpb_p2,Fib_K14,B_Mature,5151.3622379594035,2575.6811189797018,0.9827141219035638
26dpb_p2,Fib_K14,B_Mature,5344.4063316344555,2672.2031658172277,0.9836107917473006
26dpb_p2,Fib_K14,B_Mature,5537.450425309507,2768.7252126547537,0.9822212101377065
26dpb_p2,Fib_K14,B_Mature,5730.494518984558,2865.247259492279,0.9809194406006524
26dpb_p2,Fib_K14,B_Mature,5923.5386126596095,2961.7693063298047,0.9809527277870598
26dpb_p2,Fib_K14,B_Mature,6116.582706334661,3058.2913531673307,0.9788093855817838
26dpb_p2,Fib_K14,B_Mature,6309.626800009713,3154.8134000048567,0.979298006101326
26dpb_p2,Fib_K14,B_Mature,6502.670893684764,3251.335446842382,0.9827104261754279
26dpb_p2,Fib_K14,B_Mature,6695.7149873598155,3347.8574936799077,0.9861925138710711
26dpb_p2,Fib_K14,B_Mature,6888.759081034867,3444.3795405174337,0.9879990461731251
26dpb_p2,Fib_K14,B_Mature,7081.803174709919,3540.9015873549597,0.9870015873162481
26dpb_p2,Fib_K14,B_Mature,7274.84726838497,3637.423634192485,0.9875374952629539
26dpb_p2,Fib_K14,B_Mature,7467.8913620600215,3733.9456810300107,0.9892130133495542
26dpb_p2,Fib_K14,B_Mature,7660.935455735073,3830.4677278675367,0.9904940822020222
26dpb_p2,Fib_K14,B_Mature,7853.979549410125,3926.9897747050627,0.9923145415530575
26dpb_p2,Fib_K14,B_Mature,8047.023643085176,4023.511821542588,0.992775532576396
26dpb_p2,Fib_K14,B_Mature,8240.067736760227,4120.033868380114,0.99411632693582
26dpb_p2,Fib_K14,B_Mature,8433.11183043528,4216.55591521764,0.9949631130443454
26dpb_p2,Fib_K14,B_Mature,8626.155924110331,4313.077962055166,0.9947122994398523
26dpb_p2,Fib_K14,B_Mature,8819.200017785382,4409.600008892691,0.99396912506109
26dpb_p2,Fib_K14,B_Mature,9012.244111460433,4506.122055730217,0.9943992717711994
26dpb_p2,Fib_K14,B_Mature,9205.288205135486,4602.644102567743,0.9962377133471173
26dpb_p2,Fib_K14,B_Mature,9398.332298810537,4699.166149405269,0.9982945048784603
26dpb_p2,Fib_K14,B_Mature,9591.376392485588,4795.688196242794,0.9991796208883966
26dpb_p2,Fib_K14,B_Mature,9784.42048616064,4892.21024308032,0.9993394857249159
26dpb_p2,Fib_K14,B_Plasma,518.3039897581684,259.1519948790842,0.7333736645523615
26dpb_p2,Fib_K14,B_Plasma,711.3480834332199,355.67404171660996,0.7206444985102516
26dpb_p2,Fib_K14,B_Plasma,904.3921771082714,452.1960885541357,0.719563221619508
26dpb_p2,Fib_K14,B_Plasma,1097.436270783323,548.7181353916615,0.7363340411723803
26dpb_p2,Fib_K14,B_Plasma,1290.4803644583744,645.2401822291872,0.7695171745771101
26dpb_p2,Fib_K14,B_Plasma,1483.524458133426,741.762229066713,0.8065504427541259
26dpb_p2,Fib_K14,B_Plasma,1676.5685518084774,838.2842759042387,0.8395150946378499
26dpb_p2,Fib_K14,B_Plasma,1869.612645483529,934.8063227417645,0.8741200465490944
26dpb_p2,Fib_K14,B_Plasma,2062.6567391585804,1031.3283695792902,0.9034864763507496
26dpb_p2,Fib_K14,B_Plasma,2255.700832833632,1127.850416416816,0.9296434146403786
26dpb_p2,Fib_K14,B_Plasma,2448.7449265086834,1224.3724632543417,0.9479047851833198
26dpb_p2,Fib_K14,B_Plasma,2641.789020183735,1320.8945100918675,0.961651737074241
26dpb_p2,Fib_K14,B_Plasma,2834.8331138587864,1417.4165569293932,0.973168988044257
26dpb_p2,Fib_K14,B_Plasma,3027.877207533838,1513.938603766919,0.9801104429544732
26dpb_p2,Fib_K14,B_Plasma,3220.9213012088894,1610.4606506044447,0.9831165315196649
26dpb_p2,Fib_K14,B_Plasma,3413.965394883941,1706.9826974419705,0.9852671214928471
26dpb_p2,Fib_K14,B_Plasma,3607.0094885589924,1803.5047442794962,0.9858417478588352
26dpb_p2,Fib_K14,B_Plasma,3800.053582234044,1900.026791117022,0.9863202075405983
26dpb_p2,Fib_K14,B_Plasma,3993.0976759090954,1996.5488379545477,0.9870402421042997
26dpb_p2,Fib_K14,B_Plasma,4186.1417695841465,2093.0708847920732,0.9874851309775481
26dpb_p2,Fib_K14,B_Plasma,4379.185863259198,2189.592931629599,0.9883290724317954
26dpb_p2,Fib_K14,B_Plasma,4572.2299569342495,2286.1149784671247,0.989523811170285
26dpb_p2,Fib_K14,B_Plasma,4765.274050609301,2382.6370253046507,0.9924942609207521
26dpb_p2,Fib_K14,B_Plasma,4958.3181442843525,2479.1590721421762,0.9946740156973928
26dpb_p2,Fib_K14,B_Plasma,5151.3622379594035,2575.6811189797018,0.9952258238252143
26dpb_p2,Fib_K14,B_Plasma,5344.4063316344555,2672.2031658172277,0.9956868439040368
26dpb_p2,Fib_K14,B_Plasma,5537.450425309507,2768.7252126547537,0.9958311986972649
26dpb_p2,Fib_K14,B_Plasma,5730.494518984558,2865.247259492279,0.9962670554073745
26dpb_p2,Fib_K14,B_Plasma,5923.5386126596095,2961.7693063298047,0.997110150575867
26dpb_p2,Fib_K14,B_Plasma,6116.582706334661,3058.2913531673307,0.9984690006874604
26dpb_p2,Fib_K14,B_Plasma,6309.626800009713,3154.8134000048567,1.0004909005107863
26dpb_p2,Fib_K14,B_Plasma,6502.670893684764,3251.335446842382,1.0020519200469162
26dpb_p2,Fib_K14,B_Plasma,6695.7149873598155,3347.8574936799077,1.003318541510717
26dpb_p2,Fib_K14,B_Plasma,6888.759081034867,3444.3795405174337,1.0039848259627442
26dpb_p2,Fib_K14,B_Plasma,7081.803174709919,3540.9015873549597,1.0041788423045328
26dpb_p2,Fib_K14,B_Plasma,7274.84726838497,3637.423634192485,1.0042384055779008
26dpb_p2,Fib_K14,B_Plasma,7467.8913620600215,3733.9456810300107,1.0043955770235262
26dpb_p2,Fib_K14,B_Plasma,7660.935455735073,3830.4677278675367,1.0044226181933724
26dpb_p2,Fib_K14,B_Plasma,7853.979549410125,3926.9897747050627,1.00436234422567
26dpb_p2,Fib_K14,B_Plasma,8047.023643085176,4023.511821542588,1.0044999431414576
26dpb_p2,Fib_K14,B_Plasma,8240.067736760227,4120.033868380114,1.0045663242518357
26dpb_p2,Fib_K14,B_Plasma,8433.11183043528,4216.55591521764,1.0046905556185803
26dpb_p2,Fib_K14,B_Plasma,8626.155924110331,4313.077962055166,1.0050834423854718
26dpb_p2,Fib_K14,B_Plasma,8819.200017785382,4409.600008892691,1.0050230838009895
26dpb_p2,Fib_K14,B_Plasma,9012.244111460433,4506.122055730217,1.0047945339447217
26dpb_p2,Fib_K14,B_Plasma,9205.288205135486,4602.644102567743,1.0040419149225952
26dpb_p2,Fib_K14,B_Plasma,9398.332298810537,4699.166149405269,1.0033242724599953
26dpb_p2,Fib_K14,B_Plasma,9591.376392485588,4795.688196242794,1.002768906794241
26dpb_p2,Fib_K14,B_Plasma,9784.42048616064,4892.21024308032,1.002198837198294
26dpb_p2,Fib_K14,CD4_T,518.3039897581684,259.1519948790842,0.9099950345706543
26dpb_p2,Fib_K14,CD4_T,711.3480834332199,355.67404171660996,0.8683362891151782
26dpb_p2,Fib_K14,CD4_T,904.3921771082714,452.1960885541357,0.8583487829407431
26dpb_p2,Fib_K14,CD4_T,1097.436270783323,548.7181353916615,0.8518430005119669
26dpb_p2,Fib_K14,CD4_T,1290.4803644583744,645.2401822291872,0.8523900969900622
26dpb_p2,Fib_K14,CD4_T,1483.524458133426,741.762229066713,0.8593018942616377
26dpb_p2,Fib_K14,CD4_T,1676.5685518084774,838.2842759042387,0.8650610720726749
26dpb_p2,Fib_K14,CD4_T,1869.612645483529,934.8063227417645,0.8735554462443746
26dpb_p2,Fib_K14,CD4_T,2062.6567391585804,1031.3283695792902,0.8904608600969068
26dpb_p2,Fib_K14,CD4_T,2255.700832833632,1127.850416416816,0.9034247752926632
26dpb_p2,Fib_K14,CD4_T,2448.7449265086834,1224.3724632543417,0.9220833697100018
26dpb_p2,Fib_K14,CD4_T,2641.789020183735,1320.8945100918675,0.9386160715593538
26dpb_p2,Fib_K14,CD4_T,2834.8331138587864,1417.4165569293932,0.9474965349581276
26dpb_p2,Fib_K14,CD4_T,3027.877207533838,1513.938603766919,0.955539973628193
26dpb_p2,Fib_K14,CD4_T,3220.9213012088894,1610.4606506044447,0.9636405019933451
26dpb_p2,Fib_K14,CD4_T,3413.965394883941,1706.9826974419705,0.9662125979324221
26dpb_p2,Fib_K14,CD4_T,3607.0094885589924,1803.5047442794962,0.9713788104431247
26dpb_p2,Fib_K14,CD4_T,3800.053582234044,1900.026791117022,0.9710784929332519
26dpb_p2,Fib_K14,CD4_T,3993.0976759090954,1996.5488379545477,0.97091244057393
26dpb_p2,Fib_K14,CD4_T,4186.1417695841465,2093.0708847920732,0.971368203855714
26dpb_p2,Fib_K14,CD4_T,4379.185863259198,2189.592931629599,0.9696206917253114
26dpb_p2,Fib_K14,CD4_T,4572.2299569342495,2286.1149784671247,0.9698527797312102
26dpb_p2,Fib_K14,CD4_T,4765.274050609301,2382.6370253046507,0.9700001602879149
26dpb_p2,Fib_K14,CD4_T,4958.3181442843525,2479.1590721421762,0.970541593670656
26dpb_p2,Fib_K14,CD4_T,5151.3622379594035,2575.6811189797018,0.9726264356068274
26dpb_p2,Fib_K14,CD4_T,5344.4063316344555,2672.2031658172277,0.9709593698464567
26dpb_p2,Fib_K14,CD4_T,5537.450425309507,2768.7252126547537,0.9701191440087081
26dpb_p2,Fib_K14,CD4_T,5730.494518984558,2865.247259492279,0.9718139712946043
26dpb_p2,Fib_K14,CD4_T,5923.5386126596095,2961.7693063298047,0.9729229129818752
26dpb_p2,Fib_K14,CD4_T,6116.582706334661,3058.2913531673307,0.9742597965137325
26dpb_p2,Fib_K14,CD4_T,6309.626800009713,3154.8134000048567,0.975330898867502
26dpb_p2,Fib_K14,CD4_T,6502.670893684764,3251.335446842382,0.9772969464514042
26dpb_p2,Fib_K14,CD4_T,6695.7149873598155,3347.8574936799077,0.9779926986991452
26dpb_p2,Fib_K14,CD4_T,6888.759081034867,3444.3795405174337,0.9777631385816898
26dpb_p2,Fib_K14,CD4_T,7081.803174709919,3540.9015873549597,0.9796609100480878
26dpb_p2,Fib_K14,CD4_T,7274.84726838497,3637.423634192485,0.9801607565156152
26dpb_p2,Fib_K14,CD4_T,7467.8913620600215,3733.9456810300107,0.9804022862941522
26dpb_p2,Fib_K14,CD4_T,7660.935455735073,3830.4677278675367,0.9807368616293153
26dpb_p2,Fib_K14,CD4_T,7853.979549410125,3926.9897747050627,0.9816218094998317
26dpb_p2,Fib_K14,CD4_T,8047.023643085176,4023.511821542588,0.982293691631612
26dpb_p2,Fib_K14,CD4_T,8240.067736760227,4120.033868380114,0.9831450877770498
26dpb_p2,Fib_K14,CD4_T,8433.11183043528,4216.55591521764,0.9844477562964357
26dpb_p2,Fib_K14,CD4_T,8626.155924110331,4313.077962055166,0.9856933803325566
26dpb_p2,Fib_K14,CD4_T,8819.200017785382,4409.600008892691,0.9866286325845377
26dpb_p2,Fib_K14,CD4_T,9012.244111460433,4506.122055730217,0.9874677784528135
26dpb_p2,Fib_K14,CD4_T,9205.288205135486,4602.644102567743,0.9871855432036444
26dpb_p2,Fib_K14,CD4_T,9398.332298810537,4699.166149405269,0.9875907755026841
26dpb_p2,Fib_K14,CD4_T,9591.376392485588,4795.688196242794,0.9883645836225268
26dpb_p2,Fib_K14,CD4_T,9784.42048616064,4892.21024308032,0.9880448787944323
26dpb_p2,Fib_K14,CD8_T,518.3039897581684,259.1519948790842,0.7283784214311532
26dpb_p2,Fib_K14,CD8_T,711.3480834332199,355.67404171660996,0.7671773696964331
26dpb_p2,Fib_K14,CD8_T,904.3921771082714,452.1960885541357,0.7584943804743309
26dpb_p2,Fib_K14,CD8_T,1097.436270783323,548.7181353916615,0.7439778394633164
26dpb_p2,Fib_K14,CD8_T,1290.4803644583744,645.2401822291872,0.7414854223947988
26dpb_p2,Fib_K14,CD8_T,1483.524458133426,741.762229066713,0.7516299043119498
26dpb_p2,Fib_K14,CD8_T,1676.5685518084774,838.2842759042387,0.7581221748487466
26dpb_p2,Fib_K14,CD8_T,1869.612645483529,934.8063227417645,0.7591808899055935
26dpb_p2,Fib_K14,CD8_T,2062.6567391585804,1031.3283695792902,0.7720880954613446
26dpb_p2,Fib_K14,CD8_T,2255.700832833632,1127.850416416816,0.8049090606497057
26dpb_p2,Fib_K14,CD8_T,2448.7449265086834,1224.3724632543417,0.8207158745002372
26dpb_p2,Fib_K14,CD8_T,2641.789020183735,1320.8945100918675,0.8437414707286289
26dpb_p2,Fib_K14,CD8_T,2834.8331138587864,1417.4165569293932,0.8609686835670117
26dpb_p2,Fib_K14,CD8_T,3027.877207533838,1513.938603766919,0.8771633159629681
26dpb_p2,Fib_K14,CD8_T,3220.9213012088894,1610.4606506044447,0.8901389259259526
26dpb_p2,Fib_K14,CD8_T,3413.965394883941,1706.9826974419705,0.8975877605600687
26dpb_p2,Fib_K14,CD8_T,3607.0094885589924,1803.5047442794962,0.9003647236235423
26dpb_p2,Fib_K14,CD8_T,3800.053582234044,1900.026791117022,0.8962533284806419
26dpb_p2,Fib_K14,CD8_T,3993.0976759090954,1996.5488379545477,0.900844170093835
26dpb_p2,Fib_K14,CD8_T,4186.1417695841465,2093.0708847920732,0.9063164407395098
26dpb_p2,Fib_K14,CD8_T,4379.185863259198,2189.592931629599,0.9067857306391104
26dpb_p2,Fib_K14,CD8_T,4572.2299569342495,2286.1149784671247,0.9075819020984991
26dpb_p2,Fib_K14,CD8_T,4765.274050609301,2382.6370253046507,0.9094496647163207
26dpb_p2,Fib_K14,CD8_T,4958.3181442843525,2479.1590721421762,0.9135519400250777
26dpb_p2,Fib_K14,CD8_T,5151.3622379594035,2575.6811189797018,0.9162863545912587
26dpb_p2,Fib_K14,CD8_T,5344.4063316344555,2672.2031658172277,0.9174441838319974
26dpb_p2,Fib_K14,CD8_T,5537.450425309507,2768.7252126547537,0.9214376376761984
26dpb_p2,Fib_K14,CD8_T,5730.494518984558,2865.247259492279,0.9252108891918664
26dpb_p2,Fib_K14,CD8_T,5923.5386126596095,2961.7693063298047,0.9259213716293092
26dpb_p2,Fib_K14,CD8_T,6116.582706334661,3058.2913531673307,0.9268773818221095
26dpb_p2,Fib_K14,CD8_T,6309.626800009713,3154.8134000048567,0.9291669650885125
26dpb_p2,Fib_K14,CD8_T,6502.670893684764,3251.335446842382,0.9338061794598462
26dpb_p2,Fib_K14,CD8_T,6695.7149873598155,3347.8574936799077,0.9371575623222892
26dpb_p2,Fib_K14,CD8_T,6888.759081034867,3444.3795405174337,0.9405311406243362
26dpb_p2,Fib_K14,CD8_T,7081.803174709919,3540.9015873549597,0.9426144493919285
26dpb_p2,Fib_K14,CD8_T,7274.84726838497,3637.423634192485,0.9451965336488585
26dpb_p2,Fib_K14,CD8_T,7467.8913620600215,3733.9456810300107,0.947388862461929
26dpb_p2,Fib_K14,CD8_T,7660.935455735073,3830.4677278675367,0.9482109831209695
26dpb_p2,Fib_K14,CD8_T,7853.979549410125,3926.9897747050627,0.9484408290247722
26dpb_p2,Fib_K14,CD8_T,8047.023643085176,4023.511821542588,0.9486628061246304
26dpb_p2,Fib_K14,CD8_T,8240.067736760227,4120.033868380114,0.9521211483481614
26dpb_p2,Fib_K14,CD8_T,8433.11183043528,4216.55591521764,0.9556302493755531
26dpb_p2,Fib_K14,CD8_T,8626.155924110331,4313.077962055166,0.9593215317858316
26dpb_p2,Fib_K14,CD8_T,8819.200017785382,4409.600008892691,0.963569699118345
26dpb_p2,Fib_K14,CD8_T,9012.244111460433,4506.122055730217,0.9675186055053568
26dpb_p2,Fib_K14,CD8_T,9205.288205135486,4602.644102567743,0.9707913863740584
26dpb_p2,Fib_K14,CD8_T,9398.332298810537,4699.166149405269,0.9716328022525549
26dpb_p2,Fib_K14,CD8_T,9591.376392485588,4795.688196242794,0.9727822781929878
26dpb_p2,Fib_K14,CD8_T,9784.42048616064,4892.21024308032,0.973185846204208
26dpb_p2,Fib_K14,Endo_Arterial,518.3039897581684,259.1519948790842,2.432800039117884
26dpb_p2,Fib_K14,Endo_Arterial,711.3480834332199,355.67404171660996,2.008320848493353
26dpb_p2,Fib_K14,Endo_Arterial,904.3921771082714,452.1960885541357,1.7897651227853375
26dpb_p2,Fib_K14,Endo_Arterial,1097.436270783323,548.7181353916615,1.633713487124096
26dpb_p2,Fib_K14,Endo_Arterial,1290.4803644583744,645.2401822291872,1.5179791443197794
26dpb_p2,Fib_K14,Endo_Arterial,1483.524458133426,741.762229066713,1.4007100493986138
26dpb_p2,Fib_K14,Endo_Arterial,1676.5685518084774,838.2842759042387,1.3346538815817526
26dpb_p2,Fib_K14,Endo_Arterial,1869.612645483529,934.8063227417645,1.2442122268083715
26dpb_p2,Fib_K14,Endo_Arterial,2062.6567391585804,1031.3283695792902,1.1619658883659687
26dpb_p2,Fib_K14,Endo_Arterial,2255.700832833632,1127.850416416816,1.1219223547976984
26dpb_p2,Fib_K14,Endo_Arterial,2448.7449265086834,1224.3724632543417,1.1066662009723294
26dpb_p2,Fib_K14,Endo_Arterial,2641.789020183735,1320.8945100918675,1.10206966251072
26dpb_p2,Fib_K14,Endo_Arterial,2834.8331138587864,1417.4165569293932,1.0935224920101807
26dpb_p2,Fib_K14,Endo_Arterial,3027.877207533838,1513.938603766919,1.0840186057157788
26dpb_p2,Fib_K14,Endo_Arterial,3220.9213012088894,1610.4606506044447,1.0864812019856775
26dpb_p2,Fib_K14,Endo_Arterial,3413.965394883941,1706.9826974419705,1.0889499507043994
26dpb_p2,Fib_K14,Endo_Arterial,3607.0094885589924,1803.5047442794962,1.0824199571772883
26dpb_p2,Fib_K14,Endo_Arterial,3800.053582234044,1900.026791117022,1.0784483047773377
26dpb_p2,Fib_K14,Endo_Arterial,3993.0976759090954,1996.5488379545477,1.0780986383315334
26dpb_p2,Fib_K14,Endo_Arterial,4186.1417695841465,2093.0708847920732,1.0800664471989532
26dpb_p2,Fib_K14,Endo_Arterial,4379.185863259198,2189.592931629599,1.0737587984020127
26dpb_p2,Fib_K14,Endo_Arterial,4572.2299569342495,2286.1149784671247,1.0719261305147267
26dpb_p2,Fib_K14,Endo_Arterial,4765.274050609301,2382.6370253046507,1.0637742008103053
26dpb_p2,Fib_K14,Endo_Arterial,4958.3181442843525,2479.1590721421762,1.0619778454615922
26dpb_p2,Fib_K14,Endo_Arterial,5151.3622379594035,2575.6811189797018,1.0559457291352738
26dpb_p2,Fib_K14,Endo_Arterial,5344.4063316344555,2672.2031658172277,1.0485858449603633
26dpb_p2,Fib_K14,Endo_Arterial,5537.450425309507,2768.7252126547537,1.0441549689149847
26dpb_p2,Fib_K14,Endo_Arterial,5730.494518984558,2865.247259492279,1.0360615897618535
26dpb_p2,Fib_K14,Endo_Arterial,5923.5386126596095,2961.7693063298047,1.0339960628591667
26dpb_p2,Fib_K14,Endo_Arterial,6116.582706334661,3058.2913531673307,1.0333092614566433
26dpb_p2,Fib_K14,Endo_Arterial,6309.626800009713,3154.8134000048567,1.029539359844709
26dpb_p2,Fib_K14,Endo_Arterial,6502.670893684764,3251.335446842382,1.0280917622566355
26dpb_p2,Fib_K14,Endo_Arterial,6695.7149873598155,3347.8574936799077,1.0279439488503672
26dpb_p2,Fib_K14,Endo_Arterial,6888.759081034867,3444.3795405174337,1.02584920430992
26dpb_p2,Fib_K14,Endo_Arterial,7081.803174709919,3540.9015873549597,1.0213789979421806
26dpb_p2,Fib_K14,Endo_Arterial,7274.84726838497,3637.423634192485,1.0200745990944073
26dpb_p2,Fib_K14,Endo_Arterial,7467.8913620600215,3733.9456810300107,1.0166627306471467
26dpb_p2,Fib_K14,Endo_Arterial,7660.935455735073,3830.4677278675367,1.0156577407998786
26dpb_p2,Fib_K14,Endo_Arterial,7853.979549410125,3926.9897747050627,1.0133720908550785
26dpb_p2,Fib_K14,Endo_Arterial,8047.023643085176,4023.511821542588,1.0121290764121575
26dpb_p2,Fib_K14,Endo_Arterial,8240.067736760227,4120.033868380114,1.011410013850903
26dpb_p2,Fib_K14,Endo_Arterial,8433.11183043528,4216.55591521764,1.0079459384400353
26dpb_p2,Fib_K14,Endo_Arterial,8626.155924110331,4313.077962055166,1.0066387983680791
26dpb_p2,Fib_K14,Endo_Arterial,8819.200017785382,4409.600008892691,1.0053085473089858
26dpb_p2,Fib_K14,Endo_Arterial,9012.244111460433,4506.122055730217,1.0022380788983716
26dpb_p2,Fib_K14,Endo_Arterial,9205.288205135486,4602.64410256774…32087 tokens truncated…688
26dpb_p2,Fib_K14,SAC_SG_Progenitor,518.3039897581684,259.1519948790842,0.3238410020750016
26dpb_p2,Fib_K14,SAC_SG_Progenitor,711.3480834332199,355.67404171660996,0.4027776878986735
26dpb_p2,Fib_K14,SAC_SG_Progenitor,904.3921771082714,452.1960885541357,0.4723715414557162
26dpb_p2,Fib_K14,SAC_SG_Progenitor,1097.436270783323,548.7181353916615,0.5421422509129905
26dpb_p2,Fib_K14,SAC_SG_Progenitor,1290.4803644583744,645.2401822291872,0.6076164998769558
26dpb_p2,Fib_K14,SAC_SG_Progenitor,1483.524458133426,741.762229066713,0.6739090465288111
26dpb_p2,Fib_K14,SAC_SG_Progenitor,1676.5685518084774,838.2842759042387,0.7433172906543906
26dpb_p2,Fib_K14,SAC_SG_Progenitor,1869.612645483529,934.8063227417645,0.8046112238767028
26dpb_p2,Fib_K14,SAC_SG_Progenitor,2062.6567391585804,1031.3283695792902,0.8528753257939372
26dpb_p2,Fib_K14,SAC_SG_Progenitor,2255.700832833632,1127.850416416816,0.8867880894388398
26dpb_p2,Fib_K14,SAC_SG_Progenitor,2448.7449265086834,1224.3724632543417,0.9058764994100906
26dpb_p2,Fib_K14,SAC_SG_Progenitor,2641.789020183735,1320.8945100918675,0.9164506631021365
26dpb_p2,Fib_K14,SAC_SG_Progenitor,2834.8331138587864,1417.4165569293932,0.9229481923349238
26dpb_p2,Fib_K14,SAC_SG_Progenitor,3027.877207533838,1513.938603766919,0.9274665968490206
26dpb_p2,Fib_K14,SAC_SG_Progenitor,3220.9213012088894,1610.4606506044447,0.9312510954988373
26dpb_p2,Fib_K14,SAC_SG_Progenitor,3413.965394883941,1706.9826974419705,0.9318234853887746
26dpb_p2,Fib_K14,SAC_SG_Progenitor,3607.0094885589924,1803.5047442794962,0.9305375845284642
26dpb_p2,Fib_K14,SAC_SG_Progenitor,3800.053582234044,1900.026791117022,0.9279022957996559
26dpb_p2,Fib_K14,SAC_SG_Progenitor,3993.0976759090954,1996.5488379545477,0.9270941431988609
26dpb_p2,Fib_K14,SAC_SG_Progenitor,4186.1417695841465,2093.0708847920732,0.9277321923860762
26dpb_p2,Fib_K14,SAC_SG_Progenitor,4379.185863259198,2189.592931629599,0.9289340143137736
26dpb_p2,Fib_K14,SAC_SG_Progenitor,4572.2299569342495,2286.1149784671247,0.9305474769339801
26dpb_p2,Fib_K14,SAC_SG_Progenitor,4765.274050609301,2382.6370253046507,0.9324593993695112
26dpb_p2,Fib_K14,SAC_SG_Progenitor,4958.3181442843525,2479.1590721421762,0.935190219647675
26dpb_p2,Fib_K14,SAC_SG_Progenitor,5151.3622379594035,2575.6811189797018,0.9382103287462641
26dpb_p2,Fib_K14,SAC_SG_Progenitor,5344.4063316344555,2672.2031658172277,0.9411823679511352
26dpb_p2,Fib_K14,SAC_SG_Progenitor,5537.450425309507,2768.7252126547537,0.9440962573408718
26dpb_p2,Fib_K14,SAC_SG_Progenitor,5730.494518984558,2865.247259492279,0.9468228455706038
26dpb_p2,Fib_K14,SAC_SG_Progenitor,5923.5386126596095,2961.7693063298047,0.9490823456976439
26dpb_p2,Fib_K14,SAC_SG_Progenitor,6116.582706334661,3058.2913531673307,0.9512129228674475
26dpb_p2,Fib_K14,SAC_SG_Progenitor,6309.626800009713,3154.8134000048567,0.9533211230779896
26dpb_p2,Fib_K14,SAC_SG_Progenitor,6502.670893684764,3251.335446842382,0.9555263775502854
26dpb_p2,Fib_K14,SAC_SG_Progenitor,6695.7149873598155,3347.8574936799077,0.9578728589577216
26dpb_p2,Fib_K14,SAC_SG_Progenitor,6888.759081034867,3444.3795405174337,0.9602290143372657
26dpb_p2,Fib_K14,SAC_SG_Progenitor,7081.803174709919,3540.9015873549597,0.9627142303256598
26dpb_p2,Fib_K14,SAC_SG_Progenitor,7274.84726838497,3637.423634192485,0.9650367568389712
26dpb_p2,Fib_K14,SAC_SG_Progenitor,7467.8913620600215,3733.9456810300107,0.9671782842895598
26dpb_p2,Fib_K14,SAC_SG_Progenitor,7660.935455735073,3830.4677278675367,0.9690558317223098
26dpb_p2,Fib_K14,SAC_SG_Progenitor,7853.979549410125,3926.9897747050627,0.9708192364051739
26dpb_p2,Fib_K14,SAC_SG_Progenitor,8047.023643085176,4023.511821542588,0.9723520883420317
26dpb_p2,Fib_K14,SAC_SG_Progenitor,8240.067736760227,4120.033868380114,0.9736868570037003
26dpb_p2,Fib_K14,SAC_SG_Progenitor,8433.11183043528,4216.55591521764,0.9750649953170396
26dpb_p2,Fib_K14,SAC_SG_Progenitor,8626.155924110331,4313.077962055166,0.976510418583425
26dpb_p2,Fib_K14,SAC_SG_Progenitor,8819.200017785382,4409.600008892691,0.9781506047072478
26dpb_p2,Fib_K14,SAC_SG_Progenitor,9012.244111460433,4506.122055730217,0.9797323153073224
26dpb_p2,Fib_K14,SAC_SG_Progenitor,9205.288205135486,4602.644102567743,0.9813900277027521
26dpb_p2,Fib_K14,SAC_SG_Progenitor,9398.332298810537,4699.166149405269,0.9828789727271237
26dpb_p2,Fib_K14,SAC_SG_Progenitor,9591.376392485588,4795.688196242794,0.9843284076117789
26dpb_p2,Fib_K14,SAC_SG_Progenitor,9784.42048616064,4892.21024308032,0.9856494743933254
26dpb_p2,Fib_K14,Schwann,518.3039897581684,259.1519948790842,0.9988866222818885
26dpb_p2,Fib_K14,Schwann,711.3480834332199,355.67404171660996,0.9769366079497643
26dpb_p2,Fib_K14,Schwann,904.3921771082714,452.1960885541357,0.9382650986270177
26dpb_p2,Fib_K14,Schwann,1097.436270783323,548.7181353916615,0.9094937548614702
26dpb_p2,Fib_K14,Schwann,1290.4803644583744,645.2401822291872,0.9215282719716131
26dpb_p2,Fib_K14,Schwann,1483.524458133426,741.762229066713,0.9118373189813267
26dpb_p2,Fib_K14,Schwann,1676.5685518084774,838.2842759042387,0.9153566814175862
26dpb_p2,Fib_K14,Schwann,1869.612645483529,934.8063227417645,0.9265047858572998
26dpb_p2,Fib_K14,Schwann,2062.6567391585804,1031.3283695792902,0.9245377544332254
26dpb_p2,Fib_K14,Schwann,2255.700832833632,1127.850416416816,0.9290363098706521
26dpb_p2,Fib_K14,Schwann,2448.7449265086834,1224.3724632543417,0.9310505095814616
26dpb_p2,Fib_K14,Schwann,2641.789020183735,1320.8945100918675,0.9389295001577028
26dpb_p2,Fib_K14,Schwann,2834.8331138587864,1417.4165569293932,0.9365450713997236
26dpb_p2,Fib_K14,Schwann,3027.877207533838,1513.938603766919,0.9332616208456208
26dpb_p2,Fib_K14,Schwann,3220.9213012088894,1610.4606506044447,0.9340713707032078
26dpb_p2,Fib_K14,Schwann,3413.965394883941,1706.9826974419705,0.9372449179187017
26dpb_p2,Fib_K14,Schwann,3607.0094885589924,1803.5047442794962,0.939651942693953
26dpb_p2,Fib_K14,Schwann,3800.053582234044,1900.026791117022,0.9438064125034091
26dpb_p2,Fib_K14,Schwann,3993.0976759090954,1996.5488379545477,0.9499376072551454
26dpb_p2,Fib_K14,Schwann,4186.1417695841465,2093.0708847920732,0.9569192969360353
26dpb_p2,Fib_K14,Schwann,4379.185863259198,2189.592931629599,0.9594808708824016
26dpb_p2,Fib_K14,Schwann,4572.2299569342495,2286.1149784671247,0.9604641261168444
26dpb_p2,Fib_K14,Schwann,4765.274050609301,2382.6370253046507,0.9641815155622878
26dpb_p2,Fib_K14,Schwann,4958.3181442843525,2479.1590721421762,0.9662592386278475
26dpb_p2,Fib_K14,Schwann,5151.3622379594035,2575.6811189797018,0.968714793365171
26dpb_p2,Fib_K14,Schwann,5344.4063316344555,2672.2031658172277,0.9741436217141799
26dpb_p2,Fib_K14,Schwann,5537.450425309507,2768.7252126547537,0.9766596864708778
26dpb_p2,Fib_K14,Schwann,5730.494518984558,2865.247259492279,0.980339120314403
26dpb_p2,Fib_K14,Schwann,5923.5386126596095,2961.7693063298047,0.9782923808345034
26dpb_p2,Fib_K14,Schwann,6116.582706334661,3058.2913531673307,0.9758528463483751
26dpb_p2,Fib_K14,Schwann,6309.626800009713,3154.8134000048567,0.9743778641920771
26dpb_p2,Fib_K14,Schwann,6502.670893684764,3251.335446842382,0.9722099193647032
26dpb_p2,Fib_K14,Schwann,6695.7149873598155,3347.8574936799077,0.9729051308532038
26dpb_p2,Fib_K14,Schwann,6888.759081034867,3444.3795405174337,0.9730123258129632
26dpb_p2,Fib_K14,Schwann,7081.803174709919,3540.9015873549597,0.9734507055508754
26dpb_p2,Fib_K14,Schwann,7274.84726838497,3637.423634192485,0.9744892203543968
26dpb_p2,Fib_K14,Schwann,7467.8913620600215,3733.9456810300107,0.9753627063371709
26dpb_p2,Fib_K14,Schwann,7660.935455735073,3830.4677278675367,0.9749128172325937
26dpb_p2,Fib_K14,Schwann,7853.979549410125,3926.9897747050627,0.9736219026390682
26dpb_p2,Fib_K14,Schwann,8047.023643085176,4023.511821542588,0.9748018789758673
26dpb_p2,Fib_K14,Schwann,8240.067736760227,4120.033868380114,0.976158070974052
26dpb_p2,Fib_K14,Schwann,8433.11183043528,4216.55591521764,0.9770767295510506
26dpb_p2,Fib_K14,Schwann,8626.155924110331,4313.077962055166,0.9805025873266199
26dpb_p2,Fib_K14,Schwann,8819.200017785382,4409.600008892691,0.9832480240352044
26dpb_p2,Fib_K14,Schwann,9012.244111460433,4506.122055730217,0.9861259953931752
26dpb_p2,Fib_K14,Schwann,9205.288205135486,4602.644102567743,0.9882520750207495
26dpb_p2,Fib_K14,Schwann,9398.332298810537,4699.166149405269,0.9888414496517595
26dpb_p2,Fib_K14,Schwann,9591.376392485588,4795.688196242794,0.9890132361640186
26dpb_p2,Fib_K14,Schwann,9784.42048616064,4892.21024308032,0.9890449257278336
26dpb_p2,Fib_K14,cDC1,518.3039897581684,259.1519948790842,0.7827664383089418
26dpb_p2,Fib_K14,cDC1,711.3480834332199,355.67404171660996,0.7718982127916706
26dpb_p2,Fib_K14,cDC1,904.3921771082714,452.1960885541357,0.7763379290811601
26dpb_p2,Fib_K14,cDC1,1097.436270783323,548.7181353916615,0.7783348705445975
26dpb_p2,Fib_K14,cDC1,1290.4803644583744,645.2401822291872,0.806141367954619
26dpb_p2,Fib_K14,cDC1,1483.524458133426,741.762229066713,0.844510571009266
26dpb_p2,Fib_K14,cDC1,1676.5685518084774,838.2842759042387,0.8746384015666036
26dpb_p2,Fib_K14,cDC1,1869.612645483529,934.8063227417645,0.8824540295603887
26dpb_p2,Fib_K14,cDC1,2062.6567391585804,1031.3283695792902,0.8955121253001675
26dpb_p2,Fib_K14,cDC1,2255.700832833632,1127.850416416816,0.9072131817405286
26dpb_p2,Fib_K14,cDC1,2448.7449265086834,1224.3724632543417,0.9275435316883209
26dpb_p2,Fib_K14,cDC1,2641.789020183735,1320.8945100918675,0.9447591210743019
26dpb_p2,Fib_K14,cDC1,2834.8331138587864,1417.4165569293932,0.9541698651569069
26dpb_p2,Fib_K14,cDC1,3027.877207533838,1513.938603766919,0.9595065238181354
26dpb_p2,Fib_K14,cDC1,3220.9213012088894,1610.4606506044447,0.9519108464136885
26dpb_p2,Fib_K14,cDC1,3413.965394883941,1706.9826974419705,0.949975099517258
26dpb_p2,Fib_K14,cDC1,3607.0094885589924,1803.5047442794962,0.9478152784872923
26dpb_p2,Fib_K14,cDC1,3800.053582234044,1900.026791117022,0.9458578728433175
26dpb_p2,Fib_K14,cDC1,3993.0976759090954,1996.5488379545477,0.9483407382723555
26dpb_p2,Fib_K14,cDC1,4186.1417695841465,2093.0708847920732,0.9520575643840795
26dpb_p2,Fib_K14,cDC1,4379.185863259198,2189.592931629599,0.9552424141988872
26dpb_p2,Fib_K14,cDC1,4572.2299569342495,2286.1149784671247,0.9601495145194915
26dpb_p2,Fib_K14,cDC1,4765.274050609301,2382.6370253046507,0.9624962152410627
26dpb_p2,Fib_K14,cDC1,4958.3181442843525,2479.1590721421762,0.964521681579093
26dpb_p2,Fib_K14,cDC1,5151.3622379594035,2575.6811189797018,0.9644552320695648
26dpb_p2,Fib_K14,cDC1,5344.4063316344555,2672.2031658172277,0.9630914385368621
26dpb_p2,Fib_K14,cDC1,5537.450425309507,2768.7252126547537,0.9636942666701874
26dpb_p2,Fib_K14,cDC1,5730.494518984558,2865.247259492279,0.96480525941352
26dpb_p2,Fib_K14,cDC1,5923.5386126596095,2961.7693063298047,0.9655838441215774
26dpb_p2,Fib_K14,cDC1,6116.582706334661,3058.2913531673307,0.9643928516141946
26dpb_p2,Fib_K14,cDC1,6309.626800009713,3154.8134000048567,0.9672711535380876
26dpb_p2,Fib_K14,cDC1,6502.670893684764,3251.335446842382,0.9697714034723851
26dpb_p2,Fib_K14,cDC1,6695.7149873598155,3347.8574936799077,0.9729552502937496
26dpb_p2,Fib_K14,cDC1,6888.759081034867,3444.3795405174337,0.9746626666583006
26dpb_p2,Fib_K14,cDC1,7081.803174709919,3540.9015873549597,0.9750035274069752
26dpb_p2,Fib_K14,cDC1,7274.84726838497,3637.423634192485,0.9781849117116077
26dpb_p2,Fib_K14,cDC1,7467.8913620600215,3733.9456810300107,0.9772102126272002
26dpb_p2,Fib_K14,cDC1,7660.935455735073,3830.4677278675367,0.9768227233903424
26dpb_p2,Fib_K14,cDC1,7853.979549410125,3926.9897747050627,0.977889068779899
26dpb_p2,Fib_K14,cDC1,8047.023643085176,4023.511821542588,0.9771430343235815
26dpb_p2,Fib_K14,cDC1,8240.067736760227,4120.033868380114,0.9796930073566342
26dpb_p2,Fib_K14,cDC1,8433.11183043528,4216.55591521764,0.9803392303602122
26dpb_p2,Fib_K14,cDC1,8626.155924110331,4313.077962055166,0.9837351425327977
26dpb_p2,Fib_K14,cDC1,8819.200017785382,4409.600008892691,0.9870108599844379
26dpb_p2,Fib_K14,cDC1,9012.244111460433,4506.122055730217,0.988403804173537
26dpb_p2,Fib_K14,cDC1,9205.288205135486,4602.644102567743,0.9884316185951554
26dpb_p2,Fib_K14,cDC1,9398.332298810537,4699.166149405269,0.9877694373003686
26dpb_p2,Fib_K14,cDC1,9591.376392485588,4795.688196242794,0.9875961632002253
26dpb_p2,Fib_K14,cDC1,9784.42048616064,4892.21024308032,0.9870497483062811
26dpb_p2,Fib_K14,cDC2,518.3039897581684,259.1519948790842,1.176247082808367
26dpb_p2,Fib_K14,cDC2,711.3480834332199,355.67404171660996,1.0875017511297127
26dpb_p2,Fib_K14,cDC2,904.3921771082714,452.1960885541357,1.0311177922516026
26dpb_p2,Fib_K14,cDC2,1097.436270783323,548.7181353916615,1.0440546096012222
26dpb_p2,Fib_K14,cDC2,1290.4803644583744,645.2401822291872,1.072621727553055
26dpb_p2,Fib_K14,cDC2,1483.524458133426,741.762229066713,1.0829915721263232
26dpb_p2,Fib_K14,cDC2,1676.5685518084774,838.2842759042387,1.0885830044554727
26dpb_p2,Fib_K14,cDC2,1869.612645483529,934.8063227417645,1.075621183875744
26dpb_p2,Fib_K14,cDC2,2062.6567391585804,1031.3283695792902,1.062306446945681
26dpb_p2,Fib_K14,cDC2,2255.700832833632,1127.850416416816,1.05346413536331
26dpb_p2,Fib_K14,cDC2,2448.7449265086834,1224.3724632543417,1.0439716653378022
26dpb_p2,Fib_K14,cDC2,2641.789020183735,1320.8945100918675,1.0351584377706693
26dpb_p2,Fib_K14,cDC2,2834.8331138587864,1417.4165569293932,1.0319508953606142
26dpb_p2,Fib_K14,cDC2,3027.877207533838,1513.938603766919,1.0209781022422093
26dpb_p2,Fib_K14,cDC2,3220.9213012088894,1610.4606506044447,1.0115727345699006
26dpb_p2,Fib_K14,cDC2,3413.965394883941,1706.9826974419705,1.0010305312724388
26dpb_p2,Fib_K14,cDC2,3607.0094885589924,1803.5047442794962,0.9966284317724512
26dpb_p2,Fib_K14,cDC2,3800.053582234044,1900.026791117022,0.9932883248151219
26dpb_p2,Fib_K14,cDC2,3993.0976759090954,1996.5488379545477,0.9958555893182579
26dpb_p2,Fib_K14,cDC2,4186.1417695841465,2093.0708847920732,0.99404556265399
26dpb_p2,Fib_K14,cDC2,4379.185863259198,2189.592931629599,0.9944913056664508
26dpb_p2,Fib_K14,cDC2,4572.2299569342495,2286.1149784671247,0.9932956357615266
26dpb_p2,Fib_K14,cDC2,4765.274050609301,2382.6370253046507,0.9922870987426453
26dpb_p2,Fib_K14,cDC2,4958.3181442843525,2479.1590721421762,0.9898275878993875
26dpb_p2,Fib_K14,cDC2,5151.3622379594035,2575.6811189797018,0.9869708327788841
26dpb_p2,Fib_K14,cDC2,5344.4063316344555,2672.2031658172277,0.9867941893795247
26dpb_p2,Fib_K14,cDC2,5537.450425309507,2768.7252126547537,0.9883087312297832
26dpb_p2,Fib_K14,cDC2,5730.494518984558,2865.247259492279,0.9903510333093598
26dpb_p2,Fib_K14,cDC2,5923.5386126596095,2961.7693063298047,0.988702395585042
26dpb_p2,Fib_K14,cDC2,6116.582706334661,3058.2913531673307,0.9910658603093648
26dpb_p2,Fib_K14,cDC2,6309.626800009713,3154.8134000048567,0.9909566497738667
26dpb_p2,Fib_K14,cDC2,6502.670893684764,3251.335446842382,0.9897814204608175
26dpb_p2,Fib_K14,cDC2,6695.7149873598155,3347.8574936799077,0.9896131290122341
26dpb_p2,Fib_K14,cDC2,6888.759081034867,3444.3795405174337,0.9872838786375584
26dpb_p2,Fib_K14,cDC2,7081.803174709919,3540.9015873549597,0.9868073011697562
26dpb_p2,Fib_K14,cDC2,7274.84726838497,3637.423634192485,0.9886918912473597
26dpb_p2,Fib_K14,cDC2,7467.8913620600215,3733.9456810300107,0.988658274434702
26dpb_p2,Fib_K14,cDC2,7660.935455735073,3830.4677278675367,0.9874699728468785
26dpb_p2,Fib_K14,cDC2,7853.979549410125,3926.9897747050627,0.9864345550416374
26dpb_p2,Fib_K14,cDC2,8047.023643085176,4023.511821542588,0.9862889508305985
26dpb_p2,Fib_K14,cDC2,8240.067736760227,4120.033868380114,0.9846351540234733
26dpb_p2,Fib_K14,cDC2,8433.11183043528,4216.55591521764,0.9847539103449713
26dpb_p2,Fib_K14,cDC2,8626.155924110331,4313.077962055166,0.9847242385717626
26dpb_p2,Fib_K14,cDC2,8819.200017785382,4409.600008892691,0.9841592178858379
26dpb_p2,Fib_K14,cDC2,9012.244111460433,4506.122055730217,0.9829477565813463
26dpb_p2,Fib_K14,cDC2,9205.288205135486,4602.644102567743,0.9816360172937689
26dpb_p2,Fib_K14,cDC2,9398.332298810537,4699.166149405269,0.9791540735749542
26dpb_p2,Fib_K14,cDC2,9591.376392485588,4795.688196242794,0.9771687365457684
26dpb_p2,Fib_K14,cDC2,9784.42048616064,4892.21024308032,0.9773854497708315
26dpb_p2,Fib_K14,pDC,518.3039897581684,259.1519948790842,1.0488034840668372
26dpb_p2,Fib_K14,pDC,711.3480834332199,355.67404171660996,0.9818116668359025
26dpb_p2,Fib_K14,pDC,904.3921771082714,452.1960885541357,0.9564653073114266
26dpb_p2,Fib_K14,pDC,1097.436270783323,548.7181353916615,0.936665520557122
26dpb_p2,Fib_K14,pDC,1290.4803644583744,645.2401822291872,0.9496364757006698
26dpb_p2,Fib_K14,pDC,1483.524458133426,741.762229066713,0.9655002556925243
26dpb_p2,Fib_K14,pDC,1676.5685518084774,838.2842759042387,0.9736303392497071
26dpb_p2,Fib_K14,pDC,1869.612645483529,934.8063227417645,0.9724429162563356
26dpb_p2,Fib_K14,pDC,2062.6567391585804,1031.3283695792902,0.9734511834338746
26dpb_p2,Fib_K14,pDC,2255.700832833632,1127.850416416816,0.9698362681818491
26dpb_p2,Fib_K14,pDC,2448.7449265086834,1224.3724632543417,0.9721134632053691
26dpb_p2,Fib_K14,pDC,2641.789020183735,1320.8945100918675,0.9737277886330883
26dpb_p2,Fib_K14,pDC,2834.8331138587864,1417.4165569293932,0.9735063431373809
26dpb_p2,Fib_K14,pDC,3027.877207533838,1513.938603766919,0.9773072192189719
26dpb_p2,Fib_K14,pDC,3220.9213012088894,1610.4606506044447,0.978365704174755
26dpb_p2,Fib_K14,pDC,3413.965394883941,1706.9826974419705,0.9815393074080923
26dpb_p2,Fib_K14,pDC,3607.0094885589924,1803.5047442794962,0.9843393512055644
26dpb_p2,Fib_K14,pDC,3800.053582234044,1900.026791117022,0.9855297560535528
26dpb_p2,Fib_K14,pDC,3993.0976759090954,1996.5488379545477,0.9846076095442273
26dpb_p2,Fib_K14,pDC,4186.1417695841465,2093.0708847920732,0.9833685310183989
26dpb_p2,Fib_K14,pDC,4379.185863259198,2189.592931629599,0.9828786177684359
26dpb_p2,Fib_K14,pDC,4572.2299569342495,2286.1149784671247,0.9824866454791434
26dpb_p2,Fib_K14,pDC,4765.274050609301,2382.6370253046507,0.9810676090165036
26dpb_p2,Fib_K14,pDC,4958.3181442843525,2479.1590721421762,0.9800095463167748
26dpb_p2,Fib_K14,pDC,5151.3622379594035,2575.6811189797018,0.9800698802075467
26dpb_p2,Fib_K14,pDC,5344.4063316344555,2672.2031658172277,0.9799007326606027
26dpb_p2,Fib_K14,pDC,5537.450425309507,2768.7252126547537,0.9797431536209665
26dpb_p2,Fib_K14,pDC,5730.494518984558,2865.247259492279,0.9805340950712698
26dpb_p2,Fib_K14,pDC,5923.5386126596095,2961.7693063298047,0.9797547406913194
26dpb_p2,Fib_K14,pDC,6116.582706334661,3058.2913531673307,0.9803096494854621
26dpb_p2,Fib_K14,pDC,6309.626800009713,3154.8134000048567,0.980891892824919
26dpb_p2,Fib_K14,pDC,6502.670893684764,3251.335446842382,0.9824424846308285
26dpb_p2,Fib_K14,pDC,6695.7149873598155,3347.8574936799077,0.9832937543724587
26dpb_p2,Fib_K14,pDC,6888.759081034867,3444.3795405174337,0.9846955109444555
26dpb_p2,Fib_K14,pDC,7081.803174709919,3540.9015873549597,0.9846995514630283
26dpb_p2,Fib_K14,pDC,7274.84726838497,3637.423634192485,0.9853869118734148
26dpb_p2,Fib_K14,pDC,7467.8913620600215,3733.9456810300107,0.9859653089981425
26dpb_p2,Fib_K14,pDC,7660.935455735073,3830.4677278675367,0.9875299338750847
26dpb_p2,Fib_K14,pDC,7853.979549410125,3926.9897747050627,0.9892753313227765
26dpb_p2,Fib_K14,pDC,8047.023643085176,4023.511821542588,0.9903229007009665
26dpb_p2,Fib_K14,pDC,8240.067736760227,4120.033868380114,0.9907994185945482
26dpb_p2,Fib_K14,pDC,8433.11183043528,4216.55591521764,0.9919229490202787
26dpb_p2,Fib_K14,pDC,8626.155924110331,4313.077962055166,0.9916253263439891
26dpb_p2,Fib_K14,pDC,8819.200017785382,4409.600008892691,0.9917251012901125
26dpb_p2,Fib_K14,pDC,9012.244111460433,4506.122055730217,0.9924757721815904
26dpb_p2,Fib_K14,pDC,9205.288205135486,4602.644102567743,0.9929314007558265
26dpb_p2,Fib_K14,pDC,9398.332298810537,4699.166149405269,0.9937229920189555
26dpb_p2,Fib_K14,pDC,9591.376392485588,4795.688196242794,0.9940263972620881
26dpb_p2,Fib_K14,pDC,9784.42048616064,4892.21024308032,0.9947924588793762

