timepoint,time_order,cell_state,comparison_type,n_sections,mean_score,sd_score,sem_score,p_enrichment_timepoint_permutation,n_permutations,fdr_across_102_timepoint_state_tests
Normal,0,Fib_K14,self,1,3.139336605870622,,,0.001,999,0.017
Normal,0,KC_Basal,cross-state,1,0.4897872969604799,,,1.0,999,1.0
Normal,0,KC_Basal_Mig,cross-state,1,0.0,,,1.0,999,1.0
Normal,0,KC_Basal_Prolif,cross-state,1,0.0,,,1.0,999,1.0
Normal,0,KC_Spinous,cross-state,1,0.236317668601928,,,1.0,999,1.0
Normal,0,KC_Spinous_Mig,cross-state,1,0.12633574221063856,,,1.0,999,1.0
Normal,0,KC_Spinous_Mat,cross-state,1,0.22812913558765643,,,1.0,999,1.0
Normal,0,KC_Granular,cross-state,1,0.24822751358974712,,,1.0,999,1.0
Normal,0,SAC_SG_Progenitor,cross-state,1,0.12660793604148318,,,1.0,999,1.0
Normal,0,SAC_SG_Clear,cross-state,1,0.02709966820515672,,,1.0,999,1.0
Normal,0,SAC_SG_Dark,cross-state,1,0.23093630296568335,,,1.0,999,1.0
Normal,0,SAC_SG_Ductal,cross-state,1,0.1092944555891636,,,1.0,999,1.0
Normal,0,SAC_HF_IRS,cross-state,1,0.08887344603927173,,,1.0,999,1.0
Normal,0,SAC_HF_ORS,cross-state,1,0.06919717408174222,,,1.0,999,1.0
Normal,0,SAC_HF_HFSC,cross-state,1,0.10533186742882174,,,1.0,999,1.0
Normal,0,SAC_HF_DP_DS,cross-state,1,0.16714620529334429,,,1.0,999,1.0
Normal,0,SAC_HF_Matrix,cross-state,1,0.3502110968051022,,,1.0,999,1.0
5 dpb,1,Fib_K14,self,1,3.3246972067618814,,,0.001,999,0.017
5 dpb,1,KC_Basal,cross-state,1,0.5652486594239557,,,0.943,999,1.0
5 dpb,1,KC_Basal_Mig,cross-state,1,0.0,,,1.0,999,1.0
5 dpb,1,KC_Basal_Prolif,cross-state,1,0.0,,,1.0,999,1.0
5 dpb,1,KC_Spinous,cross-state,1,0.7855768155597797,,,0.535,999,1.0
5 dpb,1,KC_Spinous_Mig,cross-state,1,0.883231392079642,,,0.635,999,1.0
5 dpb,1,KC_Spinous_Mat,cross-state,1,0.0,,,1.0,999,1.0
5 dpb,1,KC_Granular,cross-state,1,0.0,,,1.0,999,1.0
5 dpb,1,SAC_SG_Progenitor,cross-state,1,0.004913839291268571,,,1.0,999,1.0
5 dpb,1,SAC_SG_Clear,cross-state,1,0.0,,,1.0,999,1.0
5 dpb,1,SAC_SG_Dark,cross-state,1,0.0,,,1.0,999,1.0
5 dpb,1,SAC_SG_Ductal,cross-state,1,0.0,,,1.0,999,1.0
5 dpb,1,SAC_HF_IRS,cross-state,1,0.00630506337867936,,,1.0,999,1.0
5 dpb,1,SAC_HF_ORS,cross-state,1,0.0,,,1.0,999,1.0
5 dpb,1,SAC_HF_HFSC,cross-state,1,0.0,,,1.0,999,1.0
5 dpb,1,SAC_HF_DP_DS,cross-state,1,0.0,,,1.0,999,1.0
5 dpb,1,SAC_HF_Matrix,cross-state,1,0.0,,,1.0,999,1.0
12 dpb,2,Fib_K14,self,4,2.7488013783240226,0.24403932696566005,0.12201966348283003,0.001,999,0.017
12 dpb,2,KC_Basal,cross-state,4,0.1987340426836421,0.26280127879942505,0.13140063939971253,1.0,999,1.0
12 dpb,2,KC_Basal_Mig,cross-state,4,0.16228846991760038,0.2213389304778296,0.1106694652389148,1.0,999,1.0
12 dpb,2,KC_Basal_Prolif,cross-state,4,0.33067745303208174,0.38194783131658777,0.19097391565829389,0.822,999,1.0
12 dpb,2,KC_Spinous,cross-state,4,0.058721353310549694,0.06781197027317204,0.03390598513658602,1.0,999,1.0
12 dpb,2,KC_Spinous_Mig,cross-state,4,0.10425173497701218,0.12059136830025416,0.06029568415012708,1.0,999,1.0
12 dpb,2,KC_Spinous_Mat,cross-state,4,0.09528231032456348,0.11959707570590378,0.05979853785295189,1.0,999,1.0
12 dpb,2,KC_Granular,cross-state,4,0.02934729019901575,0.04603240991984565,0.023016204959922824,1.0,999,1.0
12 dpb,2,SAC_SG_Progenitor,cross-state,4,0.016671630459937015,0.012409783340537179,0.0062048916702685895,1.0,999,1.0
12 dpb,2,SAC_SG_Clear,cross-state,4,0.006530633768023244,0.009735722423555956,0.004867861211777978,1.0,999,1.0
12 dpb,2,SAC_SG_Dark,cross-state,4,0.012068062181080258,0.012053571522915916,0.006026785761457958,1.0,999,1.0
12 dpb,2,SAC_SG_Ductal,cross-state,4,0.010152127998136359,0.009486033406416792,0.004743016703208396,1.0,999,1.0
12 dpb,2,SAC_HF_IRS,cross-state,4,0.012287669241412492,0.015555346513842364,0.007777673256921182,1.0,999,1.0
12 dpb,2,SAC_HF_ORS,cross-state,4,0.019769027092762875,0.018358951103541164,0.009179475551770582,1.0,999,1.0
12 dpb,2,SAC_HF_HFSC,cross-state,4,0.02863246532131197,0.03450536632172293,0.017252683160861464,1.0,999,1.0
12 dpb,2,SAC_HF_DP_DS,cross-state,4,0.006931351400682207,0.013862702801364413,0.006931351400682207,1.0,999,1.0
12 dpb,2,SAC_HF_Matrix,cross-state,4,0.019501541332160952,0.039003082664321904,0.019501541332160952,1.0,999,1.0
19 dpb,3,Fib_K14,self,2,2.0022535348296326,0.007968379758779015,0.005634495362502267,0.001,999,0.017
19 dpb,3,KC_Basal,cross-state,2,0.30544181354241573,0.0651239151628949,0.046049562029100405,1.0,999,1.0
19 dpb,3,KC_Basal_Mig,cross-state,2,0.25786574092923104,0.08717130505726133,0.061639420930870666,1.0,999,1.0
19 dpb,3,KC_Basal_Prolif,cross-state,2,0.8936984945246952,0.06522678396540171,0.04612230125692551,0.671,999,1.0
19 dpb,3,KC_Spinous,cross-state,2,0.12806597225718402,0.006058240404354884,0.00428382287197767,1.0,999,1.0
19 dpb,3,KC_Spinous_Mig,cross-state,2,0.15566690906814112,0.014644306032307623,0.010355088101215784,1.0,999,1.0
19 dpb,3,KC_Spinous_Mat,cross-state,2,0.19790205747857434,0.08842220935598828,0.0625239438431159,1.0,999,1.0
19 dpb,3,KC_Granular,cross-state,2,0.02912034129625906,0.0005519640926652622,0.0003902975528950868,1.0,999,1.0
19 dpb,3,SAC_SG_Progenitor,cross-state,2,0.04079251839089541,0.020446121195219533,0.01445759094610173,1.0,999,1.0
19 dpb,3,SAC_SG_Clear,cross-state,2,0.018239239682937076,0.005206237970577001,0.0036813661734658868,1.0,999,1.0
19 dpb,3,SAC_SG_Dark,cross-state,2,0.02504532449561015,0.014451733534960102,0.010218918782471323,1.0,999,1.0
19 dpb,3,SAC_SG_Ductal,cross-state,2,0.023365269362569115,0.003848818947208793,0.0027215259771306063,1.0,999,1.0
19 dpb,3,SAC_HF_IRS,cross-state,2,0.029502160819343724,0.009924442637457198,0.007017640688442889,1.0,999,1.0
19 dpb,3,SAC_HF_ORS,cross-state,2,0.034493214293917586,0.007564893100936363,0.005349187210623431,1.0,999,1.0
19 dpb,3,SAC_HF_HFSC,cross-state,2,0.03521246260278664,0.027534557671863694,0.019469872446746892,1.0,999,1.0
19 dpb,3,SAC_HF_DP_DS,cross-state,2,0.05897569864820261,0.011890253899767077,0.00840767916255509,1.0,999,1.0
19 dpb,3,SAC_HF_Matrix,cross-state,2,0.027795381600781044,0.01101388406668035,0.007787992110752144,1.0,999,1.0
26 dpb,4,Fib_K14,self,2,3.3135711385366555,0.22561314630667842,0.159532585678285,0.001,999,0.017
26 dpb,4,KC_Basal,cross-state,2,1.6327333341587675,1.8393497530104754,1.3006166833275083,0.115,999,1.0
26 dpb,4,KC_Basal_Mig,cross-state,2,0.054457028328696644,0.07701386802897864,0.054457028328696644,0.996,999,1.0
26 dpb,4,KC_Basal_Prolif,cross-state,2,0.3679528941128152,0.5203639731687746,0.3679528941128152,0.66,999,1.0
26 dpb,4,KC_Spinous,cross-state,2,0.06312940860748488,0.08927846583729791,0.06312940860748487,1.0,999,1.0
26 dpb,4,KC_Spinous_Mig,cross-state,2,1.5319535921014584,1.8569225244766348,1.3130425091954712,0.079,999,1.0
26 dpb,4,KC_Spinous_Mat,cross-state,2,0.13733278832051943,0.19421789180139196,0.13733278832051943,1.0,999,1.0
26 dpb,4,KC_Granular,cross-state,2,0.04689181543802811,0.06631504135675544,0.04689181543802811,1.0,999,1.0
26 dpb,4,SAC_SG_Progenitor,cross-state,2,0.05225406196598793,0.004665225353473995,0.0032988124832048697,1.0,999,1.0
26 dpb,4,SAC_SG_Clear,cross-state,2,0.011571726578250285,0.006014185605624664,0.0042526714250517225,1.0,999,1.0
26 dpb,4,SAC_SG_Dark,cross-state,2,0.02386806028379163,0.033754534560876744,0.023868060283791626,1.0,999,1.0
26 dpb,4,SAC_SG_Ductal,cross-state,2,0.04612067700015907,0.022147602225852124,0.01566071972092231,1.0,999,1.0
26 dpb,4,SAC_HF_IRS,cross-state,2,0.05570022333115231,0.021558712410659066,0.015244311739227606,1.0,999,1.0
26 dpb,4,SAC_HF_ORS,cross-state,2,0.054191663934156115,0.006761544376037417,0.00478113387958982,1.0,999,1.0
26 dpb,4,SAC_HF_HFSC,cross-state,2,0.04604790302389564,0.0012860531241560267,0.0009093768850568714,1.0,999,1.0
26 dpb,4,SAC_HF_DP_DS,cross-state,2,0.07002686129187245,0.04600525643531716,0.03253062879563882,1.0,999,1.0
26 dpb,4,SAC_HF_Matrix,cross-state,2,0.06796512219211803,0.021851172472169247,0.01545111223194769,1.0,999,1.0
2 mph,5,Fib_K14,self,1,2.530046923274452,,,0.001,999,0.017
2 mph,5,KC_Basal,cross-state,1,0.15922714959925574,,,1.0,999,1.0
2 mph,5,KC_Basal_Mig,cross-state,1,0.0,,,1.0,999,1.0
2 mph,5,KC_Basal_Prolif,cross-state,1,0.43162560292777713,,,0.893,999,1.0
2 mph,5,KC_Spinous,cross-state,1,0.15802343316208478,,,1.0,999,1.0
2 mph,5,KC_Spinous_Mig,cross-state,1,0.16905456398252514,,,1.0,999,1.0
2 mph,5,KC_Spinous_Mat,cross-state,1,0.15659803095562014,,,1.0,999,1.0
2 mph,5,KC_Granular,cross-state,1,0.094851279713157,,,1.0,999,1.0
2 mph,5,SAC_SG_Progenitor,cross-state,1,0.02454495903287872,,,1.0,999,1.0
2 mph,5,SAC_SG_Clear,cross-state,1,0.0034393557266801165,,,1.0,999,1.0
2 mph,5,SAC_SG_Dark,cross-state,1,0.004033364720256623,,,1.0,999,1.0
2 mph,5,SAC_SG_Ductal,cross-state,1,0.01839437089947463,,,1.0,999,1.0
2 mph,5,SAC_HF_IRS,cross-state,1,0.03409837855065459,,,1.0,999,1.0
2 mph,5,SAC_HF_ORS,cross-state,1,0.041425159552847056,,,1.0,999,1.0
2 mph,5,SAC_HF_HFSC,cross-state,1,0.0405106632597739,,,1.0,999,1.0
2 mph,5,SAC_HF_DP_DS,cross-state,1,0.04245106328164552,,,1.0,999,1.0
2 mph,5,SAC_HF_Matrix,cross-state,1,0.0,,,1.0,999,1.0

