section,sample_id,timepoint,time_order,conditioned_on,cell_state,comparison_type,n_bins,n_Fib_K14,n_cell_state,fixed_radius_um,cooccurrence_score,p_enrichment,fdr_within_17_FibK14_KC_SAC_states,n_permutations
Normal,NS_C02847B1,Normal,0,Fib_K14,Fib_K14,self,15357,3067,3067,50.0,3.139336605870622,0.001,0.017,999
Normal,NS_C02847B1,Normal,0,Fib_K14,KC_Basal,cross-state,15357,3067,127,50.0,0.4897872969604799,1.0,1.0,999
Normal,NS_C02847B1,Normal,0,Fib_K14,KC_Basal_Mig,cross-state,15357,3067,2,50.0,0.0,1.0,1.0,999
Normal,NS_C02847B1,Normal,0,Fib_K14,KC_Basal_Prolif,cross-state,15357,3067,1,50.0,0.0,1.0,1.0,999
Normal,NS_C02847B1,Normal,0,Fib_K14,KC_Spinous,cross-state,15357,3067,2466,50.0,0.236317668601928,1.0,1.0,999
Normal,NS_C02847B1,Normal,0,Fib_K14,KC_Spinous_Mig,cross-state,15357,3067,135,50.0,0.12633574221063856,1.0,1.0,999
Normal,NS_C02847B1,Normal,0,Fib_K14,KC_Spinous_Mat,cross-state,15357,3067,2123,50.0,0.22812913558765643,1.0,1.0,999
Normal,NS_C02847B1,Normal,0,Fib_K14,KC_Granular,cross-state,15357,3067,24,50.0,0.24822751358974712,1.0,1.0,999
Normal,NS_C02847B1,Normal,0,Fib_K14,SAC_SG_Progenitor,cross-state,15357,3067,1484,50.0,0.12660793604148318,1.0,1.0,999
Normal,NS_C02847B1,Normal,0,Fib_K14,SAC_SG_Clear,cross-state,15357,3067,11,50.0,0.02709966820515672,1.0,1.0,999
Normal,NS_C02847B1,Normal,0,Fib_K14,SAC_SG_Dark,cross-state,15357,3067,3,50.0,0.23093630296568335,1.0,1.0,999
Normal,NS_C02847B1,Normal,0,Fib_K14,SAC_SG_Ductal,cross-state,15357,3067,483,50.0,0.1092944555891636,1.0,1.0,999
Normal,NS_C02847B1,Normal,0,Fib_K14,SAC_HF_IRS,cross-state,15357,3067,359,50.0,0.08887344603927173,1.0,1.0,999
Normal,NS_C02847B1,Normal,0,Fib_K14,SAC_HF_ORS,cross-state,15357,3067,536,50.0,0.06919717408174222,1.0,1.0,999
Normal,NS_C02847B1,Normal,0,Fib_K14,SAC_HF_HFSC,cross-state,15357,3067,84,50.0,0.10533186742882174,1.0,1.0,999
Normal,NS_C02847B1,Normal,0,Fib_K14,SAC_HF_DP_DS,cross-state,15357,3067,56,50.0,0.16714620529334429,1.0,1.0,999
Normal,NS_C02847B1,Normal,0,Fib_K14,SAC_HF_Matrix,cross-state,15357,3067,9,50.0,0.3502110968051022,1.0,1.0,999
5dpb,BW32_A01597A3_SDSDB_5dpb,5 dpb,1,Fib_K14,Fib_K14,self,16821,217,217,50.0,3.3246972067618814,0.001,0.017,999
5dpb,BW32_A01597A3_SDSDB_5dpb,5 dpb,1,Fib_K14,KC_Basal,cross-state,16821,217,51,50.0,0.5652486594239557,0.943,1.0,999
5dpb,BW32_A01597A3_SDSDB_5dpb,5 dpb,1,Fib_K14,KC_Basal_Mig,cross-state,16821,217,0,50.0,0.0,1.0,1.0,999
5dpb,BW32_A01597A3_SDSDB_5dpb,5 dpb,1,Fib_K14,KC_Basal_Prolif,cross-state,16821,217,0,50.0,0.0,1.0,1.0,999
5dpb,BW32_A01597A3_SDSDB_5dpb,5 dpb,1,Fib_K14,KC_Spinous,cross-state,16821,217,7,50.0,0.7855768155597797,0.535,1.0,999
5dpb,BW32_A01597A3_SDSDB_5dpb,5 dpb,1,Fib_K14,KC_Spinous_Mig,cross-state,16821,217,36,50.0,0.883231392079642,0.635,1.0,999
5dpb,BW32_A01597A3_SDSDB_5dpb,5 dpb,1,Fib_K14,KC_Spinous_Mat,cross-state,16821,217,0,50.0,0.0,1.0,1.0,999
5dpb,BW32_A01597A3_SDSDB_5dpb,5 dpb,1,Fib_K14,KC_Granular,cross-state,16821,217,0,50.0,0.0,1.0,1.0,999
5dpb,BW32_A01597A3_SDSDB_5dpb,5 dpb,1,Fib_K14,SAC_SG_Progenitor,cross-state,16821,217,2372,50.0,0.004913839291268571,1.0,1.0,999
5dpb,BW32_A01597A3_SDSDB_5dpb,5 dpb,1,Fib_K14,SAC_SG_Clear,cross-state,16821,217,418,50.0,0.0,1.0,1.0,999
5dpb,BW32_A01597A3_SDSDB_5dpb,5 dpb,1,Fib_K14,SAC_SG_Dark,cross-state,16821,217,1825,50.0,0.0,1.0,1.0,999
5dpb,BW32_A01597A3_SDSDB_5dpb,5 dpb,1,Fib_K14,SAC_SG_Ductal,cross-state,16821,217,752,50.0,0.0,1.0,1.0,999
5dpb,BW32_A01597A3_SDSDB_5dpb,5 dpb,1,Fib_K14,SAC_HF_IRS,cross-state,16821,217,474,50.0,0.00630506337867936,1.0,1.0,999
5dpb,BW32_A01597A3_SDSDB_5dpb,5 dpb,1,Fib_K14,SAC_HF_ORS,cross-state,16821,217,113,50.0,0.0,1.0,1.0,999
5dpb,BW32_A01597A3_SDSDB_5dpb,5 dpb,1,Fib_K14,SAC_HF_HFSC,cross-state,16821,217,116,50.0,0.0,1.0,1.0,999
5dpb,BW32_A01597A3_SDSDB_5dpb,5 dpb,1,Fib_K14,SAC_HF_DP_DS,cross-state,16821,217,107,50.0,0.0,1.0,1.0,999
5dpb,BW32_A01597A3_SDSDB_5dpb,5 dpb,1,Fib_K14,SAC_HF_Matrix,cross-state,16821,217,23,50.0,0.0,1.0,1.0,999
12dpb_DPTDI1,BW13_1_B1_DSDB_12dpb,12 dpb,2,Fib_K14,Fib_K14,self,13315,600,600,50.0,2.651181707933568,0.001,0.017,999
12dpb_DPTDI1,BW13_1_B1_DSDB_12dpb,12 dpb,2,Fib_K14,KC_Basal,cross-state,13315,600,0,50.0,0.0,1.0,1.0,999
12dpb_DPTDI1,BW13_1_B1_DSDB_12dpb,12 dpb,2,Fib_K14,KC_Basal_Mig,cross-state,13315,600,0,50.0,0.0,1.0,1.0,999
12dpb_DPTDI1,BW13_1_B1_DSDB_12dpb,12 dpb,2,Fib_K14,KC_Basal_Prolif,cross-state,13315,600,0,50.0,0.0,1.0,1.0,999
12dpb_DPTDI1,BW13_1_B1_DSDB_12dpb,12 dpb,2,Fib_K14,KC_Spinous,cross-state,13315,600,0,50.0,0.0,1.0,1.0,999
12dpb_DPTDI1,BW13_1_B1_DSDB_12dpb,12 dpb,2,Fib_K14,KC_Spinous_Mig,cross-state,13315,600,0,50.0,0.0,1.0,1.0,999
12dpb_DPTDI1,BW13_1_B1_DSDB_12dpb,12 dpb,2,Fib_K14,KC_Spinous_Mat,cross-state,13315,600,0,50.0,0.0,1.0,1.0,999
12dpb_DPTDI1,BW13_1_B1_DSDB_12dpb,12 dpb,2,Fib_K14,KC_Granular,cross-state,13315,600,0,50.0,0.0,1.0,1.0,999
12dpb_DPTDI1,BW13_1_B1_DSDB_12dpb,12 dpb,2,Fib_K14,SAC_SG_Progenitor,cross-state,13315,600,1046,50.0,0.004072709296509326,1.0,1.0,999
12dpb_DPTDI1,BW13_1_B1_DSDB_12dpb,12 dpb,2,Fib_K14,SAC_SG_Clear,cross-state,13315,600,73,50.0,0.0,1.0,1.0,999
12dpb_DPTDI1,BW13_1_B1_DSDB_12dpb,12 dpb,2,Fib_K14,SAC_SG_Dark,cross-state,13315,600,1230,50.0,0.0009171049252612238,1.0,1.0,999
12dpb_DPTDI1,BW13_1_B1_DSDB_12dpb,12 dpb,2,Fib_K14,SAC_SG_Ductal,cross-state,13315,600,473,50.0,0.0,1.0,1.0,999
12dpb_DPTDI1,BW13_1_B1_DSDB_12dpb,12 dpb,2,Fib_K14,SAC_HF_IRS,cross-state,13315,600,233,50.0,0.0,1.0,1.0,999
12dpb_DPTDI1,BW13_1_B1_DSDB_12dpb,12 dpb,2,Fib_K14,SAC_HF_ORS,cross-state,13315,600,345,50.0,0.0059470272187401585,1.0,1.0,999
12dpb_DPTDI1,BW13_1_B1_DSDB_12dpb,12 dpb,2,Fib_K14,SAC_HF_HFSC,cross-state,13315,600,41,50.0,0.0,1.0,1.0,999
12dpb_DPTDI1,BW13_1_B1_DSDB_12dpb,12 dpb,2,Fib_K14,SAC_HF_DP_DS,cross-state,13315,600,43,50.0,0.0,1.0,1.0,999
12dpb_DPTDI1,BW13_1_B1_DSDB_12dpb,12 dpb,2,Fib_K14,SAC_HF_Matrix,cross-state,13315,600,8,50.0,0.0,1.0,1.0,999
12dpb_SPTDI1,BW14_1_C1_SSDB_12dpb,12 dpb,2,Fib_K14,Fib_K14,self,29135,3145,3145,50.0,2.910833401994462,0.001,0.017,999
12dpb_SPTDI1,BW14_1_C1_SSDB_12dpb,12 dpb,2,Fib_K14,KC_Basal,cross-state,29135,3145,12,50.0,0.5543321308498368,0.993,1.0,999
12dpb_SPTDI1,BW14_1_C1_SSDB_12dpb,12 dpb,2,Fib_K14,KC_Basal_Mig,cross-state,29135,3145,12,50.0,0.468838120619265,0.999,1.0,999
12dpb_SPTDI1,BW14_1_C1_SSDB_12dpb,12 dpb,2,Fib_K14,KC_Basal_Prolif,cross-state,29135,3145,2,50.0,0.6499066361687742,0.735,1.0,999
12dpb_SPTDI1,BW14_1_C1_SSDB_12dpb,12 dpb,2,Fib_K14,KC_Spinous,cross-state,29135,3145,979,50.0,0.11630239997394651,1.0,1.0,999
12dpb_SPTDI1,BW14_1_C1_SSDB_12dpb,12 dpb,2,Fib_K14,KC_Spinous_Mig,cross-state,29135,3145,3415,50.0,0.21725382259588683,1.0,1.0,999
12dpb_SPTDI1,BW14_1_C1_SSDB_12dpb,12 dpb,2,Fib_K14,KC_Spinous_Mat,cross-state,29135,3145,67,50.0,0.24799069011703226,1.0,1.0,999
12dpb_SPTDI1,BW14_1_C1_SSDB_12dpb,12 dpb,2,Fib_K14,KC_Granular,cross-state,29135,3145,659,50.0,0.020537703422936118,1.0,1.0,999
12dpb_SPTDI1,BW14_1_C1_SSDB_12dpb,12 dpb,2,Fib_K14,SAC_SG_Progenitor,cross-state,29135,3145,1328,50.0,0.007970143701958482,1.0,1.0,999
12dpb_SPTDI1,BW14_1_C1_SSDB_12dpb,12 dpb,2,Fib_K14,SAC_SG_Clear,cross-state,29135,3145,212,50.0,0.005519511650398609,1.0,1.0,999
12dpb_SPTDI1,BW14_1_C1_SSDB_12dpb,12 dpb,2,Fib_K14,SAC_SG_Dark,cross-state,29135,3145,2104,50.0,0.00304125935081883,1.0,1.0,999
12dpb_SPTDI1,BW14_1_C1_SSDB_12dpb,12 dpb,2,Fib_K14,SAC_SG_Ductal,cross-state,29135,3145,655,50.0,0.009097354445019202,1.0,1.0,999
12dpb_SPTDI1,BW14_1_C1_SSDB_12dpb,12 dpb,2,Fib_K14,SAC_HF_IRS,cross-state,29135,3145,470,50.0,0.01676639636651676,1.0,1.0,999
12dpb_SPTDI1,BW14_1_C1_SSDB_12dpb,12 dpb,2,Fib_K14,SAC_HF_ORS,cross-state,29135,3145,2794,50.0,0.0120613022631114,1.0,1.0,999
12dpb_SPTDI1,BW14_1_C1_SSDB_12dpb,12 dpb,2,Fib_K14,SAC_HF_HFSC,cross-state,29135,3145,76,50.0,0.029704164616066907,1.0,1.0,999
12dpb_SPTDI1,BW14_1_C1_SSDB_12dpb,12 dpb,2,Fib_K14,SAC_HF_DP_DS,cross-state,29135,3145,51,50.0,0.0,1.0,1.0,999
12dpb_SPTDI1,BW14_1_C1_SSDB_12dpb,12 dpb,2,Fib_K14,SAC_HF_Matrix,cross-state,29135,3145,8,50.0,0.0,1.0,1.0,999
12dpb_DPTDI2,BW13_A3_DSDB_12dpb,12 dpb,2,Fib_K14,Fib_K14,self,25512,783,783,50.0,2.4512585033664536,0.001,0.017,999
12dpb_DPTDI2,BW13_A3_DSDB_12dpb,12 dpb,2,Fib_K14,KC_Basal,cross-state,25512,783,52,50.0,0.0,1.0,1.0,999
12dpb_DPTDI2,BW13_A3_DSDB_12dpb,12 dpb,2,Fib_K14,KC_Basal_Mig,cross-state,25512,783,1,50.0,0.0,1.0,1.0,999
12dpb_DPTDI2,BW13_A3_DSDB_12dpb,12 dpb,2,Fib_K14,KC_Basal_Prolif,cross-state,25512,783,0,50.0,0.0,1.0,1.0,999
12dpb_DPTDI2,BW13_A3_DSDB_12dpb,12 dpb,2,Fib_K14,KC_Spinous,cross-state,25512,783,0,50.0,0.0,1.0,1.0,999
12dpb_DPTDI2,BW13_A3_DSDB_12dpb,12 dpb,2,Fib_K14,KC_Spinous_Mig,cross-state,25512,783,7,50.0,0.0,1.0,1.0,999
12dpb_DPTDI2,BW13_A3_DSDB_12dpb,12 dpb,2,Fib_K14,KC_Spinous_Mat,cross-state,25512,783,0,50.0,0.0,1.0,1.0,999
12dpb_DPTDI2,BW13_A3_DSDB_12dpb,12 dpb,2,Fib_K14,KC_Granular,cross-state,25512,783,0,50.0,0.0,1.0,1.0,999
12dpb_DPTDI2,BW13_A3_DSDB_12dpb,12 dpb,2,Fib_K14,SAC_SG_Progenitor,cross-state,25512,783,545,50.0,0.02672778367090238,1.0,1.0,999
12dpb_DPTDI2,BW13_A3_DSDB_12dpb,12 dpb,2,Fib_K14,SAC_SG_Clear,cross-state,25512,783,128,50.0,0.0,1.0,1.0,999
12dpb_DPTDI2,BW13_A3_DSDB_12dpb,12 dpb,2,Fib_K14,SAC_SG_Dark,cross-state,25512,783,3074,50.0,0.025794780955491002,1.0,1.0,999
12dpb_DPTDI2,BW13_A3_DSDB_12dpb,12 dpb,2,Fib_K14,SAC_SG_Ductal,cross-state,25512,783,564,50.0,0.022931194358307844,1.0,1.0,999
12dpb_DPTDI2,BW13_A3_DSDB_12dpb,12 dpb,2,Fib_K14,SAC_HF_IRS,cross-state,25512,783,327,50.0,0.0,1.0,1.0,999
12dpb_DPTDI2,BW13_A3_DSDB_12dpb,12 dpb,2,Fib_K14,SAC_HF_ORS,cross-state,25512,783,366,50.0,0.014271478316610115,1.0,1.0,999
12dpb_DPTDI2,BW13_A3_DSDB_12dpb,12 dpb,2,Fib_K14,SAC_HF_HFSC,cross-state,25512,783,45,50.0,0.07684463882861688,1.0,1.0,999
12dpb_DPTDI2,BW13_A3_DSDB_12dpb,12 dpb,2,Fib_K14,SAC_HF_DP_DS,cross-state,25512,783,53,50.0,0.0,1.0,1.0,999
12dpb_DPTDI2,BW13_A3_DSDB_12dpb,12 dpb,2,Fib_K14,SAC_HF_Matrix,cross-state,25512,783,18,50.0,0.0,1.0,1.0,999
12dpb_SPTDI2,BW14_B3_SSDB_12dpb,12 dpb,2,Fib_K14,Fib_K14,self,34538,2728,2728,50.0,2.981931900001607,0.001,0.017,999
12dpb_SPTDI2,BW14_B3_SSDB_12dpb,12 dpb,2,Fib_K14,KC_Basal,cross-state,34538,2728,247,50.0,0.2406040398847315,1.0,1.0,999
12dpb_SPTDI2,BW14_B3_SSDB_12dpb,12 dpb,2,Fib_K14,KC_Basal_Mig,cross-state,34538,2728,18,50.0,0.18031575905113645,1.0,1.0,999
12dpb_SPTDI2,BW14_B3_SSDB_12dpb,12 dpb,2,Fib_K14,KC_Basal_Prolif,cross-state,34538,2728,2,50.0,0.6728031759595527,0.699,1.0,999
12dpb_SPTDI2,BW14_B3_SSDB_12dpb,12 dpb,2,Fib_K14,KC_Spinous,cross-state,34538,2728,3779,50.0,0.11858301326825227,1.0,1.0,999
12dpb_SPTDI2,BW14_B3_SSDB_12dpb,12 dpb,2,Fib_K14,KC_Spinous_Mig,cross-state,34538,2728,1397,50.0,0.19975311731216186,1.0,1.0,999
12dpb_SPTDI2,BW14_B3_SSDB_12dpb,12 dpb,2,Fib_K14,KC_Spinous_Mat,cross-state,34538,2728,2698,50.0,0.13313855118122167,1.0,1.0,999
12dpb_SPTDI2,BW14_B3_SSDB_12dpb,12 dpb,2,Fib_K14,KC_Granular,cross-state,34538,2728,521,50.0,0.09685145737312688,1.0,1.0,999
12dpb_SPTDI2,BW14_B3_SSDB_12dpb,12 dpb,2,Fib_K14,SAC_SG_Progenitor,cross-state,34538,2728,1006,50.0,0.027915885170377873,1.0,1.0,999
12dpb_SPTDI2,BW14_B3_SSDB_12dpb,12 dpb,2,Fib_K14,SAC_SG_Clear,cross-state,34538,2728,245,50.0,0.02060302342169437,1.0,1.0,999
12dpb_SPTDI2,BW14_B3_SSDB_12dpb,12 dpb,2,Fib_K14,SAC_SG_Dark,cross-state,34538,2728,4686,50.0,0.018519103492749975,1.0,1.0,999
12dpb_SPTDI2,BW14_B3_SSDB_12dpb,12 dpb,2,Fib_K14,SAC_SG_Ductal,cross-state,34538,2728,954,50.0,0.008579963189218383,1.0,1.0,999
12dpb_SPTDI2,BW14_B3_SSDB_12dpb,12 dpb,2,Fib_K14,SAC_HF_IRS,cross-state,34538,2728,721,50.0,0.03238428059913321,1.0,1.0,999
12dpb_SPTDI2,BW14_B3_SSDB_12dpb,12 dpb,2,Fib_K14,SAC_HF_ORS,cross-state,34538,2728,567,50.0,0.04679630057258983,1.0,1.0,999
12dpb_SPTDI2,BW14_B3_SSDB_12dpb,12 dpb,2,Fib_K14,SAC_HF_HFSC,cross-state,34538,2728,78,50.0,0.00798105784056409,1.0,1.0,999
12dpb_SPTDI2,BW14_B3_SSDB_12dpb,12 dpb,2,Fib_K14,SAC_HF_DP_DS,cross-state,34538,2728,67,50.0,0.027725405602728827,1.0,1.0,999
12dpb_SPTDI2,BW14_B3_SSDB_12dpb,12 dpb,2,Fib_K14,SAC_HF_Matrix,cross-state,34538,2728,14,50.0,0.07800616532864381,1.0,1.0,999
19dpb,BW15D_C6_SDSDB_19dpb,19 dpb,3,Fib_K14,Fib_K14,self,40440,4380,4380,50.0,1.9966190394671304,0.001,0.017,999
19dpb,BW15D_C6_SDSDB_19dpb,19 dpb,3,Fib_K14,KC_Basal,cross-state,40440,4380,180,50.0,0.3514913755715161,1.0,1.0,999
19dpb,BW15D_C6_SDSDB_19dpb,19 dpb,3,Fib_K14,KC_Basal_Mig,cross-state,40440,4380,16,50.0,0.3195051618601017,1.0,1.0,999
19dpb,BW15D_C6_SDSDB_19dpb,19 dpb,3,Fib_K14,KC_Basal_Prolif,cross-state,40440,4380,4,50.0,0.8475761932677697,0.707,1.0,999
19dpb,BW15D_C6_SDSDB_19dpb,19 dpb,3,Fib_K14,KC_Spinous,cross-state,40440,4380,2298,50.0,0.12378214938520636,1.0,1.0,999
19dpb,BW15D_C6_SDSDB_19dpb,19 dpb,3,Fib_K14,KC_Spinous_Mig,cross-state,40440,4380,2845,50.0,0.16602199716935692,1.0,1.0,999
19dpb,BW15D_C6_SDSDB_19dpb,19 dpb,3,Fib_K14,KC_Spinous_Mat,cross-state,40440,4380,379,50.0,0.26042600132169025,1.0,1.0,999
19dpb,BW15D_C6_SDSDB_19dpb,19 dpb,3,Fib_K14,KC_Granular,cross-state,40440,4380,736,50.0,0.028730043743363975,1.0,1.0,999
19dpb,BW15D_C6_SDSDB_19dpb,19 dpb,3,Fib_K14,SAC_SG_Progenitor,cross-state,40440,4380,2282,50.0,0.026334927444793686,1.0,1.0,999
19dpb,BW15D_C6_SDSDB_19dpb,19 dpb,3,Fib_K14,SAC_SG_Clear,cross-state,40440,4380,262,50.0,0.014557873509471188,1.0,1.0,999
19dpb,BW15D_C6_SDSDB_19dpb,19 dpb,3,Fib_K14,SAC_SG_Dark,cross-state,40440,4380,3781,50.0,0.014826405713138828,1.0,1.0,999
19dpb,BW15D_C6_SDSDB_19dpb,19 dpb,3,Fib_K14,SAC_SG_Ductal,cross-state,40440,4380,746,50.0,0.02064374338543851,1.0,1.0,999
19dpb,BW15D_C6_SDSDB_19dpb,19 dpb,3,Fib_K14,SAC_HF_IRS,cross-state,40440,4380,819,50.0,0.022484520130900836,1.0,1.0,999
19dpb,BW15D_C6_SDSDB_19dpb,19 dpb,3,Fib_K14,SAC_HF_ORS,cross-state,40440,4380,931,50.0,0.029144027083294156,1.0,1.0,999
19dpb,BW15D_C6_SDSDB_19dpb,19 dpb,3,Fib_K14,SAC_HF_HFSC,cross-state,40440,4380,40,50.0,0.054682335049533536,1.0,1.0,999
19dpb,BW15D_C6_SDSDB_19dpb,19 dpb,3,Fib_K14,SAC_HF_DP_DS,cross-state,40440,4380,33,50.0,0.05056801948564752,1.0,1.0,999
19dpb,BW15D_C6_SDSDB_19dpb,19 dpb,3,Fib_K14,SAC_HF_Matrix,cross-state,40440,4380,16,50.0,0.03558337371153319,1.0,1.0,999
19dpb_p1,BW15D_1_D1_SDSDB_19dpb,19 dpb,3,Fib_K14,Fib_K14,self,47042,13313,13313,50.0,2.007888030192135,0.001,0.017,999
19dpb_p1,BW15D_1_D1_SDSDB_19dpb,19 dpb,3,Fib_K14,KC_Basal,cross-state,47042,13313,104,50.0,0.2593922515133153,1.0,1.0,999
19dpb_p1,BW15D_1_D1_SDSDB_19dpb,19 dpb,3,Fib_K14,KC_Basal_Mig,cross-state,47042,13313,13,50.0,0.19622631999836035,1.0,1.0,999
19dpb_p1,BW15D_1_D1_SDSDB_19dpb,19 dpb,3,Fib_K14,KC_Basal_Prolif,cross-state,47042,13313,1,50.0,0.9398207957816207,0.551,1.0,999
19dpb_p1,BW15D_1_D1_SDSDB_19dpb,19 dpb,3,Fib_K14,KC_Spinous,cross-state,47042,13313,2122,50.0,0.1323497951291617,1.0,1.0,999
19dpb_p1,BW15D_1_D1_SDSDB_19dpb,19 dpb,3,Fib_K14,KC_Spinous_Mig,cross-state,47042,13313,3907,50.0,0.14531182096692535,1.0,1.0,999
19dpb_p1,BW15D_1_D1_SDSDB_19dpb,19 dpb,3,Fib_K14,KC_Spinous_Mat,cross-state,47042,13313,408,50.0,0.13537811363545843,1.0,1.0,999
19dpb_p1,BW15D_1_D1_SDSDB_19dpb,19 dpb,3,Fib_K14,KC_Granular,cross-state,47042,13313,403,50.0,0.02951063884915415,1.0,1.0,999
19dpb_p1,BW15D_1_D1_SDSDB_19dpb,19 dpb,3,Fib_K14,SAC_SG_Progenitor,cross-state,47042,13313,868,50.0,0.055250109336997144,1.0,1.0,999
19dpb_p1,BW15D_1_D1_SDSDB_19dpb,19 dpb,3,Fib_K14,SAC_SG_Clear,cross-state,47042,13313,340,50.0,0.02192060585640296,1.0,1.0,999
19dpb_p1,BW15D_1_D1_SDSDB_19dpb,19 dpb,3,Fib_K14,SAC_SG_Dark,cross-state,47042,13313,8092,50.0,0.035264243278081475,1.0,1.0,999
19dpb_p1,BW15D_1_D1_SDSDB_19dpb,19 dpb,3,Fib_K14,SAC_SG_Ductal,cross-state,47042,13313,936,50.0,0.026086795339699723,1.0,1.0,999
19dpb_p1,BW15D_1_D1_SDSDB_19dpb,19 dpb,3,Fib_K14,SAC_HF_IRS,cross-state,47042,13313,412,50.0,0.036519801507786616,1.0,1.0,999
19dpb_p1,BW15D_1_D1_SDSDB_19dpb,19 dpb,3,Fib_K14,SAC_HF_ORS,cross-state,47042,13313,2714,50.0,0.03984240150454102,1.0,1.0,999
19dpb_p1,BW15D_1_D1_SDSDB_19dpb,19 dpb,3,Fib_K14,SAC_HF_HFSC,cross-state,47042,13313,60,50.0,0.015742590156039744,1.0,1.0,999
19dpb_p1,BW15D_1_D1_SDSDB_19dpb,19 dpb,3,Fib_K14,SAC_HF_DP_DS,cross-state,47042,13313,34,50.0,0.0673833778107577,1.0,1.0,999
19dpb_p1,BW15D_1_D1_SDSDB_19dpb,19 dpb,3,Fib_K14,SAC_HF_Matrix,cross-state,47042,13313,14,50.0,0.0200073894900289,1.0,1.0,999
26dpb_p1,BW81_C02846B6_SDSDB_26dpb_part1,26 dpb,4,Fib_K14,Fib_K14,self,39669,1650,1650,50.0,3.4731037242149405,0.001,0.017,999
26dpb_p1,BW81_C02846B6_SDSDB_26dpb_part1,26 dpb,4,Fib_K14,KC_Basal,cross-state,39669,1650,585,50.0,0.3321166508312591,1.0,1.0,999
26dpb_p1,BW81_C02846B6_SDSDB_26dpb_part1,26 dpb,4,Fib_K14,KC_Basal_Mig,cross-state,39669,1650,7,50.0,0.10891405665739329,0.996,1.0,999
26dpb_p1,BW81_C02846B6_SDSDB_26dpb_part1,26 dpb,4,Fib_K14,KC_Basal_Prolif,cross-state,39669,1650,3,50.0,0.7359057882256304,0.66,1.0,999
26dpb_p1,BW81_C02846B6_SDSDB_26dpb_part1,26 dpb,4,Fib_K14,KC_Spinous,cross-state,39669,1650,2263,50.0,0.12625881721496976,1.0,1.0,999
26dpb_p1,BW81_C02846B6_SDSDB_26dpb_part1,26 dpb,4,Fib_K14,KC_Spinous_Mig,cross-state,39669,1650,3968,50.0,0.2189110829059872,1.0,1.0,999
26dpb_p1,BW81_C02846B6_SDSDB_26dpb_part1,26 dpb,4,Fib_K14,KC_Spinous_Mat,cross-state,39669,1650,48,50.0,0.27466557664103886,1.0,1.0,999
26dpb_p1,BW81_C02846B6_SDSDB_26dpb_part1,26 dpb,4,Fib_K14,KC_Granular,cross-state,39669,1650,117,50.0,0.09378363087605622,1.0,1.0,999
26dpb_p1,BW81_C02846B6_SDSDB_26dpb_part1,26 dpb,4,Fib_K14,SAC_SG_Progenitor,cross-state,39669,1650,5479,50.0,0.04895524948278306,1.0,1.0,999
26dpb_p1,BW81_C02846B6_SDSDB_26dpb_part1,26 dpb,4,Fib_K14,SAC_SG_Clear,cross-state,39669,1650,180,50.0,0.015824398003302008,1.0,1.0,999
26dpb_p1,BW81_C02846B6_SDSDB_26dpb_part1,26 dpb,4,Fib_K14,SAC_SG_Dark,cross-state,39669,1650,305,50.0,0.0,1.0,1.0,999
26dpb_p1,BW81_C02846B6_SDSDB_26dpb_part1,26 dpb,4,Fib_K14,SAC_SG_Ductal,cross-state,39669,1650,1099,50.0,0.030459957279236765,1.0,1.0,999
26dpb_p1,BW81_C02846B6_SDSDB_26dpb_part1,26 dpb,4,Fib_K14,SAC_HF_IRS,cross-state,39669,1650,625,50.0,0.0404559115919247,1.0,1.0,999
26dpb_p1,BW81_C02846B6_SDSDB_26dpb_part1,26 dpb,4,Fib_K14,SAC_HF_ORS,cross-state,39669,1650,2604,50.0,0.05897279781374593,1.0,1.0,999
26dpb_p1,BW81_C02846B6_SDSDB_26dpb_part1,26 dpb,4,Fib_K14,SAC_HF_HFSC,cross-state,39669,1650,167,50.0,0.04695727990895251,1.0,1.0,999
26dpb_p1,BW81_C02846B6_SDSDB_26dpb_part1,26 dpb,4,Fib_K14,SAC_HF_DP_DS,cross-state,39669,1650,175,50.0,0.037496232496233635,1.0,1.0,999
26dpb_p1,BW81_C02846B6_SDSDB_26dpb_part1,26 dpb,4,Fib_K14,SAC_HF_Matrix,cross-state,39669,1650,44,50.0,0.05251400996017034,1.0,1.0,999
26dpb_p2,BW81_C02846B6_SDSDB_26dpb_part2,26 dpb,4,Fib_K14,Fib_K14,self,34928,1035,1035,50.0,3.1540385528583705,0.001,0.017,999
26dpb_p2,BW81_C02846B6_SDSDB_26dpb_part2,26 dpb,4,Fib_K14,KC_Basal,cross-state,34928,1035,1,50.0,2.933350017486276,0.065,0.36833333333333335,999
26dpb_p2,BW81_C02846B6_SDSDB_26dpb_part2,26 dpb,4,Fib_K14,KC_Basal_Mig,cross-state,34928,1035,0,50.0,0.0,1.0,1.0,999
26dpb_p2,BW81_C02846B6_SDSDB_26dpb_part2,26 dpb,4,Fib_K14,KC_Basal_Prolif,cross-state,34928,1035,0,50.0,0.0,1.0,1.0,999
26dpb_p2,BW81_C02846B6_SDSDB_26dpb_part2,26 dpb,4,Fib_K14,KC_Spinous,cross-state,34928,1035,0,50.0,0.0,1.0,1.0,999
26dpb_p2,BW81_C02846B6_SDSDB_26dpb_part2,26 dpb,4,Fib_K14,KC_Spinous_Mig,cross-state,34928,1035,3,50.0,2.8449961012969296,0.021,0.17850000000000002,999
26dpb_p2,BW81_C02846B6_SDSDB_26dpb_part2,26 dpb,4,Fib_K14,KC_Spinous_Mat,cross-state,34928,1035,0,50.0,0.0,1.0,1.0,999
26dpb_p2,BW81_C02846B6_SDSDB_26dpb_part2,26 dpb,4,Fib_K14,KC_Granular,cross-state,34928,1035,0,50.0,0.0,1.0,1.0,999
26dpb_p2,BW81_C02846B6_SDSDB_26dpb_part2,26 dpb,4,Fib_K14,SAC_SG_Progenitor,cross-state,34928,1035,8098,50.0,0.0555528744491928,1.0,1.0,999
26dpb_p2,BW81_C02846B6_SDSDB_26dpb_part2,26 dpb,4,Fib_K14,SAC_SG_Clear,cross-state,34928,1035,142,50.0,0.007319055153198561,1.0,1.0,999
26dpb_p2,BW81_C02846B6_SDSDB_26dpb_part2,26 dpb,4,Fib_K14,SAC_SG_Dark,cross-state,34928,1035,77,50.0,0.04773612056758326,1.0,1.0,999
26dpb_p2,BW81_C02846B6_SDSDB_26dpb_part2,26 dpb,4,Fib_K14,SAC_SG_Ductal,cross-state,34928,1035,1197,50.0,0.061781396721081384,1.0,1.0,999
26dpb_p2,BW81_C02846B6_SDSDB_26dpb_part2,26 dpb,4,Fib_K14,SAC_HF_IRS,cross-state,34928,1035,888,50.0,0.07094453507037991,1.0,1.0,999
26dpb_p2,BW81_C02846B6_SDSDB_26dpb_part2,26 dpb,4,Fib_K14,SAC_HF_ORS,cross-state,34928,1035,6707,50.0,0.04941053005456629,1.0,1.0,999
26dpb_p2,BW81_C02846B6_SDSDB_26dpb_part2,26 dpb,4,Fib_K14,SAC_HF_HFSC,cross-state,34928,1035,217,50.0,0.045138526138838765,1.0,1.0,999
26dpb_p2,BW81_C02846B6_SDSDB_26dpb_part2,26 dpb,4,Fib_K14,SAC_HF_DP_DS,cross-state,34928,1035,138,50.0,0.10255749008751128,1.0,1.0,999
26dpb_p2,BW81_C02846B6_SDSDB_26dpb_part2,26 dpb,4,Fib_K14,SAC_HF_Matrix,cross-state,34928,1035,60,50.0,0.08341623442406572,1.0,1.0,999
2mph,2mph_A03699G6.SCT,2 mph,5,Fib_K14,Fib_K14,self,90304,4613,4613,50.0,2.530046923274452,0.001,0.017,999
2mph,2mph_A03699G6.SCT,2 mph,5,Fib_K14,KC_Basal,cross-state,90304,4613,800,50.0,0.15922714959925574,1.0,1.0,999
2mph,2mph_A03699G6.SCT,2 mph,5,Fib_K14,KC_Basal_Mig,cross-state,90304,4613,2,50.0,0.0,1.0,1.0,999
2mph,2mph_A03699G6.SCT,2 mph,5,Fib_K14,KC_Basal_Prolif,cross-state,90304,4613,3,50.0,0.43162560292777713,0.893,1.0,999
2mph,2mph_A03699G6.SCT,2 mph,5,Fib_K14,KC_Spinous,cross-state,90304,4613,9652,50.0,0.15802343316208478,1.0,1.0,999
2mph,2mph_A03699G6.SCT,2 mph,5,Fib_K14,KC_Spinous_Mig,cross-state,90304,4613,1159,50.0,0.16905456398252514,1.0,1.0,999
2mph,2mph_A03699G6.SCT,2 mph,5,Fib_K14,KC_Spinous_Mat,cross-state,90304,4613,3509,50.0,0.15659803095562014,1.0,1.0,999
2mph,2mph_A03699G6.SCT,2 mph,5,Fib_K14,KC_Granular,cross-state,90304,4613,489,50.0,0.094851279713157,1.0,1.0,999
2mph,2mph_A03699G6.SCT,2 mph,5,Fib_K14,SAC_SG_Progenitor,cross-state,90304,4613,9677,50.0,0.02454495903287872,1.0,1.0,999
2mph,2mph_A03699G6.SCT,2 mph,5,Fib_K14,SAC_SG_Clear,cross-state,90304,4613,499,50.0,0.0034393557266801165,1.0,1.0,999
2mph,2mph_A03699G6.SCT,2 mph,5,Fib_K14,SAC_SG_Dark,cross-state,90304,4613,3789,50.0,0.004033364720256623,1.0,1.0,999
2mph,2mph_A03699G6.SCT,2 mph,5,Fib_K14,SAC_SG_Ductal,cross-state,90304,4613,1389,50.0,0.01839437089947463,1.0,1.0,999
2mph,2mph_A03699G6.SCT,2 mph,5,Fib_K14,SAC_HF_IRS,cross-state,90304,4613,1188,50.0,0.03409837855065459,1.0,1.0,999
2mph,2mph_A03699G6.SCT,2 mph,5,Fib_K14,SAC_HF_ORS,cross-state,90304,4613,959,50.0,0.041425159552847056,1.0,1.0,999
2mph,2mph_A03699G6.SCT,2 mph,5,Fib_K14,SAC_HF_HFSC,cross-state,90304,4613,352,50.0,0.0405106632597739,1.0,1.0,999
2mph,2mph_A03699G6.SCT,2 mph,5,Fib_K14,SAC_HF_DP_DS,cross-state,90304,4613,191,50.0,0.04245106328164552,1.0,1.0,999
2mph,2mph_A03699G6.SCT,2 mph,5,Fib_K14,SAC_HF_Matrix,cross-state,90304,4613,39,50.0,0.0,1.0,1.0,999

