figure,panel,linked_supplement,current_content,scientific_claim,source_asset,subset_rule,observational_unit,n_observations,transformation_or_test,reviewer_request,planned_action,legend_status,code_status,owner,status,notes
Figure5,A,S5A-S5C,"three regional networks","Fib_K14 Epi-Front neighborhood","reanalysis tables + combined H5AD","19dpb and 19dpb_p1; registered samples only","Stereo-seq bin; inference at sample/section level","87482 bins; 2 sections","spatial NN permutation by section","similar panel size; Arial 8-14 pt","replace old network with descriptive map and section-level NN result","requires scientific rewrite","reanalysis output available",Codex,"Blocked: approval","old script floors selected edges to >=0.05; reproducible NN result is ns in all territories"
Figure5,B,S5B-S5C,"co-localization heatmap","IGFL1-IGFLR1 candidate sender-receiver enrichment","Figure5C_LR_sender_receiver_permutation.tsv","Epi-Front; registered 19dpb sections","section/stratified permutation","2 sections pooled in audit","permutation with FDR","same-size communication panel","replace identity-mismatched heatmap with LR score panel","draft after rewrite","table available",Codex,"Ready with caveat","supports candidate inference; does not prove direct engagement"
Figure5,C,S5A-S5D,"LR gene dynamics heatmaps","IGFL1 source and IGFLR1 receiver expression","gradient and receiver-expression tables","registered 19dpb sections","Stereo-seq bin; effect size reported","KC_Spinous_Mig n=6752; Fib_K14 n=17693","Spearman/FDR and Wilcoxon/FDR","gene symbols italic","split into compact gradients plus receptor-expression summary","requires scientific rewrite","tables available",Codex,"Blocked: approval","x-axis effect is small; KC surface-axis association is not significant"
Figure5,D,S5D,"IGFL1/IGFLR1 spatial maps","spatial adjacency in repair region","Figure5E spatial feature output + correlation table","registered 19dpb sections","spatial bin/aggregated neighborhood","107 aggregated bins","spatial correlation permutation","clear spatial maps","retain maps; label adjacency descriptive and report ns","requires scientific rewrite","vector PDF available",Codex,"Blocked: approval","correlation=-0.0562; permutation P=0.703"
Figure5,E,S5E-S5F,"19/26 dpb multiplex IF","qualitative proximity of marker-defined populations","slide7 image58.png","19 and 26 dpb wound specimens","biological specimen/field","not documented","qualitative microscopy only","equal image dimensions; scale bars","retain/restyle without inferential proximity claim","provisional","raster source only",User,"Missing provenance","raw channels, specimen n and field-selection record absent"
Figure5,F,S5G-S5H,"IGFL1 dose qPCR","epithelial-associated transcriptional response","experimental AI preview/image55","primary fibroblast-lineage cultures","independent culture/experiment","not documented","dose-response test requires raw replicate values","Arial; gene symbols italic","retain as provisional; rebuild from raw table","locked claim unsupported","raw table missing",User,"Blocked: source data","bar heights/error bars alone cannot recover exact test or n"
Figure5,G,S5I,"KRT14/GFP IF and bar","increased KRT14-positive fraction among GFP-positive cells","experimental AI preview/image55","IGFL1 vs PBS","independent culture/field","appears n=3; not verified","two-group test requires raw replicate values","pair image with quantification","retain microscopy; rebuild quantification when data supplied","provisional","raw counts missing",User,"Blocked: source data","existing stars cannot be independently verified"
Figure5,H,S5J,"Chinese placeholder","epithelial-like morphologic remodeling","none located","IGFL1 vs control","independent cell/culture","unknown","mixed-effects or experiment-level summary preferred","replace placeholder; show morphology clearly","replace with microscopy plus experiment-aware morphometry","keep panel identity","source absent",User,"Blocked: source data","need morphology images and per-cell table with experiment IDs"
Figure5,I,S5M,"absent","integrated IGFL1-IGFLR1-KLF4 model","none","evidence-aligned model only","conceptual synthesis","NA","no statistical test","clean mechanism diagram","design only after scientific-claim approval","keep panel identity","not started",User/Codex,"Blocked: approval","must distinguish observed association from proposed mechanism"
FigureS5,A,Figure5C,"absent","IGFLR1 enriched in Fib_K14","FigureS5A_C_IGFLR1_FibK14_wilcoxon.tsv","fibroblast subclusters; registered analysis","single cell/bin with donor caveat","Fib_K14 n=17693","Wilcoxon with FDR; effect size","A4 portrait; Arial 8-14 pt","generate violin/summary; UMAP needs scRNA object mapping","provisional","summary table available",Codex,"Partially ready","mean 0.0519 vs 0.0253; FDR 5.38e-22; avoid pseudoreplication language"
FigureS5,B,Figure5B,"absent","ranked Epi-Front LR pairs","Figure5C_LR_sender_receiver_permutation.tsv","registered 19dpb Epi-Front","pair-level permutation","candidate pairs in table","permutation/FDR","compact dot plot","generate evidence-aligned dot plot","provisional","table available",Codex,"Ready with caveat","highlight IGFL1-IGFLR1 as candidate, not direct binding"
FigureS5,C,Figure5B,"absent","CellChat/CellPhoneDB communication strength","none located","Epi-Front populations","biological sample","unknown","method-specific inference","compact heatmap","do not fabricate substitute","locked","analysis object/code absent",User,"Blocked: source data","need CellChat/CellPhoneDB object or authorize panel replacement"
FigureS5,D,Figure5D,"absent","additional-section spatial features","all-slice spatial outputs","only explicit 11 registered Stereo-seq IDs","section","up to 11 registered sections","descriptive spatial feature plots","matched map size","select representative registered sections with stated rule","provisional","derivatives available",Codex,"Ready after selection rule","exclude non-project 6mph/9mph files"
FigureS5,E,Figure5E,"absent","independent IF validation","slide7 image58 only","independent wound specimens","specimen/field","unknown","qualitative","matched image size","retain only after provenance confirmation","locked","raw images absent",User,"Blocked: provenance","need independent-specimen raw images and metadata"
FigureS5,F,Figure5E,"absent","shorter microscopy NN distances","ST transcriptomic proxy table only","19dpb and 19dpb_p1","section","2 sections","spatial permutation","stars only if supported","do not label ST proxy as IF; current result is ns/opposite direction","requires scientific rewrite","proxy table available",User/Codex,"Blocked: source data/approval","actual microscopy coordinates absent; proxy observed distances are longer than permutation means"
FigureS5,G,Figure5F,"absent","IGFL1 viability/proliferation control","none located","tested IGFL1 doses","independent experiment","unknown","t-test/Mann-Whitney only after design check","compact assay panel","rebuild from raw CCK-8/EdU table","locked","source absent",User,"Blocked: source data","cannot assert P>0.05 or no cytotoxicity without data"
FigureS5,H,Figure5F,"summary bars in AI","dose-response qPCR","experimental AI preview/image55","IGFL1 dose series","independent experiment","unknown","dose-response model/test","gene labels italic","rebuild from replicate-level table","locked","raw table absent",User,"Blocked: source data","do not infer raw values from bar pixels"
FigureS5,I,Figure5G,"summary bar in AI","KRT14/KRT5 among GFP-positive cells","experimental AI preview/image55","IGFL1 vs PBS","independent experiment/field","unknown","two-group test","pair with microscopy","rebuild from raw numerator/denominator or replicate percentages","locked","raw counts absent",User,"Blocked: source data","existing *** is unverified"
FigureS5,J,Figure5H,"absent","morphometric remodeling","none located","IGFL1 vs control","cell nested in experiment","unknown","hierarchical/mixed model or experiment summaries","four aligned metrics","generate from per-cell table","locked","source absent",User,"Blocked: source data","need area circularity aspect ratio length and experiment ID"
FigureS5,K,Figure5I,"absent","IGFL1-treated RNA-seq DE","none located","IGFL1 vs control","biological replicate","unknown","DE model with FDR","compact volcano","generate from count matrix and metadata/DE table","locked","source absent",User,"Blocked: source data","no RNA-seq evidence located"
FigureS5,L,Figure5I,"absent","GSEA epithelial/KLF4 programs","none located","same RNA-seq contrast","gene set/enrichment","unknown","FDR-corrected GSEA","aligned enrichment plots","generate from ranked list and gene sets/results","locked","source absent",User,"Blocked: source data","no ranked list or GSEA output located"
FigureS5,M,Figure5I,"absent","supporting model","none","observed vs inferred vs proposed encoded visually","conceptual synthesis","NA","no statistical test","small clean model","derive after Figure5I approval","keep identity","not started",User/Codex,"Blocked: approval","must not imply direct KLF4 activation"
