dataset,gene,matched_symbol,mean_expression,percent_positive,n_cells_sampled,h5ad
Reindeer,PDGFRA,PDGFRA,0.14593909680843353,9.466,50000,F:\时空组学流程分析skills\单细胞课题1_驯鹿_皮肤再生与纤维化修复\analysis\all_modules_fibk14\h5ad\all_modules_fibk14_annotated_hvg.h5ad
Reindeer,KRT14,KRT14,1.6796633005142212,59.089999999999996,50000,F:\时空组学流程分析skills\单细胞课题1_驯鹿_皮肤再生与纤维化修复\analysis\all_modules_fibk14\h5ad\all_modules_fibk14_annotated_hvg.h5ad
Reindeer,KLF4,KLF4,0.530571699142456,33.516,50000,F:\时空组学流程分析skills\单细胞课题1_驯鹿_皮肤再生与纤维化修复\analysis\all_modules_fibk14\h5ad\all_modules_fibk14_annotated_hvg.h5ad
Reindeer,IGFL1,IGFL1,0.01716182939708233,1.806,50000,F:\时空组学流程分析skills\单细胞课题1_驯鹿_皮肤再生与纤维化修复\analysis\all_modules_fibk14\h5ad\all_modules_fibk14_annotated_hvg.h5ad
Reindeer,IGF1,IGF1,0.03531253710389137,3.048,50000,F:\时空组学流程分析skills\单细胞课题1_驯鹿_皮肤再生与纤维化修复\analysis\all_modules_fibk14\h5ad\all_modules_fibk14_annotated_hvg.h5ad
Reindeer,COL1A1,COL1A1,0.9527080655097961,36.58,50000,F:\时空组学流程分析skills\单细胞课题1_驯鹿_皮肤再生与纤维化修复\analysis\all_modules_fibk14\h5ad\all_modules_fibk14_annotated_hvg.h5ad
Reindeer,COL3A1,COL3A1,0.8361943960189819,32.314,50000,F:\时空组学流程分析skills\单细胞课题1_驯鹿_皮肤再生与纤维化修复\analysis\all_modules_fibk14\h5ad\all_modules_fibk14_annotated_hvg.h5ad
Reindeer,POSTN,POSTN,0.4114488959312439,18.831999999999997,50000,F:\时空组学流程分析skills\单细胞课题1_驯鹿_皮肤再生与纤维化修复\analysis\all_modules_fibk14\h5ad\all_modules_fibk14_annotated_hvg.h5ad
Reindeer,LUM,LUM,0.3748999238014221,17.01,50000,F:\时空组学流程分析skills\单细胞课题1_驯鹿_皮肤再生与纤维化修复\analysis\all_modules_fibk14\h5ad\all_modules_fibk14_annotated_hvg.h5ad
Reindeer,MMP2,MMP2,0.31763970851898193,16.18,50000,F:\时空组学流程分析skills\单细胞课题1_驯鹿_皮肤再生与纤维化修复\analysis\all_modules_fibk14\h5ad\all_modules_fibk14_annotated_hvg.h5ad
Reindeer,BMP2,BMP2,0.16035625338554382,12.446,50000,F:\时空组学流程分析skills\单细胞课题1_驯鹿_皮肤再生与纤维化修复\analysis\all_modules_fibk14\h5ad\all_modules_fibk14_annotated_hvg.h5ad
Reindeer,SOX9,,,0.0,50000,F:\时空组学流程分析skills\单细胞课题1_驯鹿_皮肤再生与纤维化修复\analysis\all_modules_fibk14\h5ad\all_modules_fibk14_annotated_hvg.h5ad
SpinyWound,PDGFRA,,,0.0,50000,F:\时空组学流程分析skills\单细胞课题2_刺毛鼠_创面再生与纤维化修复\analysis\scrna_skin_repair_pipeline\h5ad\annotated_true_umap_modules_fibk14.h5ad
SpinyWound,KRT14,Krt14,0.44044801592826843,12.864,50000,F:\时空组学流程分析skills\单细胞课题2_刺毛鼠_创面再生与纤维化修复\analysis\scrna_skin_repair_pipeline\h5ad\annotated_true_umap_modules_fibk14.h5ad
SpinyWound,KLF4,,,0.0,50000,F:\时空组学流程分析skills\单细胞课题2_刺毛鼠_创面再生与纤维化修复\analysis\scrna_skin_repair_pipeline\h5ad\annotated_true_umap_modules_fibk14.h5ad
SpinyWound,IGFL1,,,0.0,50000,F:\时空组学流程分析skills\单细胞课题2_刺毛鼠_创面再生与纤维化修复\analysis\scrna_skin_repair_pipeline\h5ad\annotated_true_umap_modules_fibk14.h5ad
SpinyWound,IGF1,Igf1,0.00907192099839449,0.58,50000,F:\时空组学流程分析skills\单细胞课题2_刺毛鼠_创面再生与纤维化修复\analysis\scrna_skin_repair_pipeline\h5ad\annotated_true_umap_modules_fibk14.h5ad
SpinyWound,COL1A1,Col1a1,0.029694002121686935,1.4500000000000002,50000,F:\时空组学流程分析skills\单细胞课题2_刺毛鼠_创面再生与纤维化修复\analysis\scrna_skin_repair_pipeline\h5ad\annotated_true_umap_modules_fibk14.h5ad
SpinyWound,COL3A1,Col3a1,0.034017886966466904,1.442,50000,F:\时空组学流程分析skills\单细胞课题2_刺毛鼠_创面再生与纤维化修复\analysis\scrna_skin_repair_pipeline\h5ad\annotated_true_umap_modules_fibk14.h5ad
SpinyWound,POSTN,Postn,0.04575715214014053,2.814,50000,F:\时空组学流程分析skills\单细胞课题2_刺毛鼠_创面再生与纤维化修复\analysis\scrna_skin_repair_pipeline\h5ad\annotated_true_umap_modules_fibk14.h5ad
SpinyWound,LUM,Lum,0.010080448351800442,0.524,50000,F:\时空组学流程分析skills\单细胞课题2_刺毛鼠_创面再生与纤维化修复\analysis\scrna_skin_repair_pipeline\h5ad\annotated_true_umap_modules_fibk14.h5ad
SpinyWound,MMP2,,,0.0,50000,F:\时空组学流程分析skills\单细胞课题2_刺毛鼠_创面再生与纤维化修复\analysis\scrna_skin_repair_pipeline\h5ad\annotated_true_umap_modules_fibk14.h5ad
SpinyWound,BMP2,,,0.0,50000,F:\时空组学流程分析skills\单细胞课题2_刺毛鼠_创面再生与纤维化修复\analysis\scrna_skin_repair_pipeline\h5ad\annotated_true_umap_modules_fibk14.h5ad
SpinyWound,SOX9,Sox9,0.03850412741303444,2.254,50000,F:\时空组学流程分析skills\单细胞课题2_刺毛鼠_创面再生与纤维化修复\analysis\scrna_skin_repair_pipeline\h5ad\annotated_true_umap_modules_fibk14.h5ad
SpinySteady,PDGFRA,,,0.0,2787,F:\时空组学流程分析skills\单细胞课题3_刺毛鼠_稳态皮肤毛囊再生参考图谱\analysis\scrna_skin_repair_pipeline\h5ad\annotated_true_umap_modules_fibk14.h5ad
SpinySteady,KRT14,Krt14,0.25000127669975186,9.974883387154646,2787,F:\时空组学流程分析skills\单细胞课题3_刺毛鼠_稳态皮肤毛囊再生参考图谱\analysis\scrna_skin_repair_pipeline\h5ad\annotated_true_umap_modules_fibk14.h5ad
SpinySteady,KLF4,Klf4,1.8343848705178782,68.78363832077503,2787,F:\时空组学流程分析skills\单细胞课题3_刺毛鼠_稳态皮肤毛囊再生参考图谱\analysis\scrna_skin_repair_pipeline\h5ad\annotated_true_umap_modules_fibk14.h5ad
SpinySteady,IGFL1,,,0.0,2787,F:\时空组学流程分析skills\单细胞课题3_刺毛鼠_稳态皮肤毛囊再生参考图谱\analysis\scrna_skin_repair_pipeline\h5ad\annotated_true_umap_modules_fibk14.h5ad
SpinySteady,IGF1,Igf1,0.5907183680528632,23.681377825618945,2787,F:\时空组学流程分析skills\单细胞课题3_刺毛鼠_稳态皮肤毛囊再生参考图谱\analysis\scrna_skin_repair_pipeline\h5ad\annotated_true_umap_modules_fibk14.h5ad
SpinySteady,COL1A1,Col1a1,2.06877708219282,72.51524937208468,2787,F:\时空组学流程分析skills\单细胞课题3_刺毛鼠_稳态皮肤毛囊再生参考图谱\analysis\scrna_skin_repair_pipeline\h5ad\annotated_true_umap_modules_fibk14.h5ad
SpinySteady,COL3A1,Col3a1,2.1353807969402174,73.26874775744528,2787,F:\时空组学流程分析skills\单细胞课题3_刺毛鼠_稳态皮肤毛囊再生参考图谱\analysis\scrna_skin_repair_pipeline\h5ad\annotated_true_umap_modules_fibk14.h5ad
SpinySteady,POSTN,Postn,1.188326286016646,45.20990312163617,2787,F:\时空组学流程分析skills\单细胞课题3_刺毛鼠_稳态皮肤毛囊再生参考图谱\analysis\scrna_skin_repair_pipeline\h5ad\annotated_true_umap_modules_fibk14.h5ad
SpinySteady,LUM,Lum,1.0412903903363606,40.40186580552565,2787,F:\时空组学流程分析skills\单细胞课题3_刺毛鼠_稳态皮肤毛囊再生参考图谱\analysis\scrna_skin_repair_pipeline\h5ad\annotated_true_umap_modules_fibk14.h5ad
SpinySteady,MMP2,Mmp2,0.9020386682483873,36.02439899533549,2787,F:\时空组学流程分析skills\单细胞课题3_刺毛鼠_稳态皮肤毛囊再生参考图谱\analysis\scrna_skin_repair_pipeline\h5ad\annotated_true_umap_modules_fibk14.h5ad
SpinySteady,BMP2,Bmp2,0.08305175201699712,3.4445640473627552,2787,F:\时空组学流程分析skills\单细胞课题3_刺毛鼠_稳态皮肤毛囊再生参考图谱\analysis\scrna_skin_repair_pipeline\h5ad\annotated_true_umap_modules_fibk14.h5ad
SpinySteady,SOX9,Sox9,0.10885724102635909,4.485109436670254,2787,F:\时空组学流程分析skills\单细胞课题3_刺毛鼠_稳态皮肤毛囊再生参考图谱\analysis\scrna_skin_repair_pipeline\h5ad\annotated_true_umap_modules_fibk14.h5ad
MouseEpi,PDGFRA,Pdgfra,0.44721999764442444,20.419999999999998,50000,F:\时空组学流程分析skills\单细胞课题4_小鼠_成年胚胎上皮化自测数据\h5ad\pbmc_final_converted_counts.project4_stage_time_annotated.h5ad
MouseEpi,KRT14,,,0.0,50000,F:\时空组学流程分析skills\单细胞课题4_小鼠_成年胚胎上皮化自测数据\h5ad\pbmc_final_converted_counts.project4_stage_time_annotated.h5ad
MouseEpi,KLF4,Klf4,6.711120128631592,74.568,50000,F:\时空组学流程分析skills\单细胞课题4_小鼠_成年胚胎上皮化自测数据\h5ad\pbmc_final_converted_counts.project4_stage_time_annotated.h5ad
MouseEpi,IGFL1,,,0.0,50000,F:\时空组学流程分析skills\单细胞课题4_小鼠_成年胚胎上皮化自测数据\h5ad\pbmc_final_converted_counts.project4_stage_time_annotated.h5ad
MouseEpi,IGF1,Igf1,2.9634199142456055,34.778,50000,F:\时空组学流程分析skills\单细胞课题4_小鼠_成年胚胎上皮化自测数据\h5ad\pbmc_final_converted_counts.project4_stage_time_annotated.h5ad
MouseEpi,COL1A1,Col1a1,165.12542724609375,49.059999999999995,50000,F:\时空组学流程分析skills\单细胞课题4_小鼠_成年胚胎上皮化自测数据\h5ad\pbmc_final_converted_counts.project4_stage_time_annotated.h5ad
MouseEpi,COL3A1,Col3a1,88.60163879394531,62.244,50000,F:\时空组学流程分析skills\单细胞课题4_小鼠_成年胚胎上皮化自测数据\h5ad\pbmc_final_converted_counts.project4_stage_time_annotated.h5ad
MouseEpi,POSTN,Postn,12.15176010131836,46.918,50000,F:\时空组学流程分析skills\单细胞课题4_小鼠_成年胚胎上皮化自测数据\h5ad\pbmc_final_converted_counts.project4_stage_time_annotated.h5ad
MouseEpi,LUM,Lum,4.163300037384033,39.786,50000,F:\时空组学流程分析skills\单细胞课题4_小鼠_成年胚胎上皮化自测数据\h5ad\pbmc_final_converted_counts.project4_stage_time_annotated.h5ad
MouseEpi,MMP2,Mmp2,3.5322999954223633,49.388,50000,F:\时空组学流程分析skills\单细胞课题4_小鼠_成年胚胎上皮化自测数据\h5ad\pbmc_final_converted_counts.project4_stage_time_annotated.h5ad
MouseEpi,BMP2,Bmp2,0.13279999792575836,8.238,50000,F:\时空组学流程分析skills\单细胞课题4_小鼠_成年胚胎上皮化自测数据\h5ad\pbmc_final_converted_counts.project4_stage_time_annotated.h5ad
MouseEpi,SOX9,Sox9,0.6642600297927856,17.314,50000,F:\时空组学流程分析skills\单细胞课题4_小鼠_成年胚胎上皮化自测数据\h5ad\pbmc_final_converted_counts.project4_stage_time_annotated.h5ad
RatSpatial,PDGFRA,Pdgfra,0.1819392639178169,6.29,50000,F:\时空组学流程分析skills\课题3+大鼠成年乳鼠胚胎+再生\data\Adult_5d1_C01830E6F6_Annotated_Spatial.h5ad
RatSpatial,KRT14,,,0.0,50000,F:\时空组学流程分析skills\课题3+大鼠成年乳鼠胚胎+再生\data\Adult_5d1_C01830E6F6_Annotated_Spatial.h5ad
RatSpatial,KLF4,Klf4,0.32228490473654503,10.752,50000,F:\时空组学流程分析skills\课题3+大鼠成年乳鼠胚胎+再生\data\Adult_5d1_C01830E6F6_Annotated_Spatial.h5ad
RatSpatial,IGFL1,,,0.0,50000,F:\时空组学流程分析skills\课题3+大鼠成年乳鼠胚胎+再生\data\Adult_5d1_C01830E6F6_Annotated_Spatial.h5ad
RatSpatial,IGF1,Igf1,0.3553277218656454,11.732,50000,F:\时空组学流程分析skills\课题3+大鼠成年乳鼠胚胎+再生\data\Adult_5d1_C01830E6F6_Annotated_Spatial.h5ad
RatSpatial,COL1A1,Col1a1,4.535546119342295,98.98599999999999,50000,F:\时空组学流程分析skills\课题3+大鼠成年乳鼠胚胎+再生\data\Adult_5d1_C01830E6F6_Annotated_Spatial.h5ad
RatSpatial,COL3A1,Col3a1,3.690338278898177,91.782,50000,F:\时空组学流程分析skills\课题3+大鼠成年乳鼠胚胎+再生\data\Adult_5d1_C01830E6F6_Annotated_Spatial.h5ad
RatSpatial,POSTN,Postn,1.0290891016651622,32.616,50000,F:\时空组学流程分析skills\课题3+大鼠成年乳鼠胚胎+再生\data\Adult_5d1_C01830E6F6_Annotated_Spatial.h5ad
RatSpatial,LUM,Lum,1.4330630709636951,44.166,50000,F:\时空组学流程分析skills\课题3+大鼠成年乳鼠胚胎+再生\data\Adult_5d1_C01830E6F6_Annotated_Spatial.h5ad
RatSpatial,MMP2,Mmp2,1.1081325130926667,35.65,50000,F:\时空组学流程分析skills\课题3+大鼠成年乳鼠胚胎+再生\data\Adult_5d1_C01830E6F6_Annotated_Spatial.h5ad
RatSpatial,BMP2,Bmp2,0.001420042438584959,0.05,50000,F:\时空组学流程分析skills\课题3+大鼠成年乳鼠胚胎+再生\data\Adult_5d1_C01830E6F6_Annotated_Spatial.h5ad
RatSpatial,SOX9,Sox9,0.07446786653251482,2.616,50000,F:\时空组学流程分析skills\课题3+大鼠成年乳鼠胚胎+再生\data\Adult_5d1_C01830E6F6_Annotated_Spatial.h5ad
