species,condition,sample,path,source_type,total_units,double_positive,double_positive_fraction,double_positive_percent,fib_marker,epi_marker,marker_source,classification_source,mapping_status
Human,Human normal,235-4--8,F:\多组学分析skills\人创面\pbmc_final.h5ad,downloaded Seurat-to-h5ad scRNA,13869,345,0.024875621890547265,2.487562189054726,,,cell_type_module1,existing_Fib_K14_annotation:cell_type_module1,annotation_mapped
Human,Human normal,AJH-255-1,F:\多组学分析skills\人创面\pbmc_final.h5ad,downloaded Seurat-to-h5ad scRNA,10190,212,0.020804710500490677,2.0804710500490677,,,cell_type_module1,existing_Fib_K14_annotation:cell_type_module1,annotation_mapped
Human,Human normal,D0-c-1,F:\多组学分析skills\人创面\pbmc_final.h5ad,downloaded Seurat-to-h5ad scRNA,12162,17,0.001397796415063312,0.1397796415063312,,,cell_type_module1,existing_Fib_K14_annotation:cell_type_module1,annotation_mapped
Human,Human normal,D0-c-2,F:\多组学分析skills\人创面\pbmc_final.h5ad,downloaded Seurat-to-h5ad scRNA,14696,39,0.002653783342406097,0.2653783342406097,,,cell_type_module1,existing_Fib_K14_annotation:cell_type_module1,annotation_mapped
Human,Human normal,HNS2,F:\多组学分析skills\人创面\pbmc_final.h5ad,downloaded Seurat-to-h5ad scRNA,7148,86,0.012031337437045327,1.2031337437045326,,,cell_type_module1,existing_Fib_K14_annotation:cell_type_module1,annotation_mapped
Human,Human normal,HNS3,F:\多组学分析skills\人创面\pbmc_final.h5ad,downloaded Seurat-to-h5ad scRNA,7874,46,0.005842011684023368,0.5842011684023368,,,cell_type_module1,existing_Fib_K14_annotation:cell_type_module1,annotation_mapped
Human,Human normal,HNS4,F:\多组学分析skills\人创面\pbmc_final.h5ad,downloaded Seurat-to-h5ad scRNA,7181,46,0.006405793065032726,0.6405793065032725,,,cell_type_module1,existing_Fib_K14_annotation:cell_type_module1,annotation_mapped
Human,Human normal,YN-1,F:\多组学分析skills\人创面\pbmc_final.h5ad,downloaded Seurat-to-h5ad scRNA,14109,25,0.00177191863349635,0.177191863349635,,,cell_type_module1,existing_Fib_K14_annotation:cell_type_module1,annotation_mapped
Human,Human normal,YN-2,F:\多组学分析skills\人创面\pbmc_final.h5ad,downloaded Seurat-to-h5ad scRNA,14372,16,0.001113275814082939,0.11132758140829391,,,cell_type_module1,existing_Fib_K14_annotation:cell_type_module1,annotation_mapped
Human,Human normal,YN-3,F:\多组学分析skills\人创面\pbmc_final.h5ad,downloaded Seurat-to-h5ad scRNA,14026,33,0.0023527734207899613,0.23527734207899614,,,cell_type_module1,existing_Fib_K14_annotation:cell_type_module1,annotation_mapped
Human,Human wound,127-1,F:\多组学分析skills\人创面\pbmc_final.h5ad,downloaded Seurat-to-h5ad scRNA,9785,476,0.04864588656106285,4.864588656106285,,,cell_type_module1,existing_Fib_K14_annotation:cell_type_module1,annotation_mapped
Human,Human wound,127-2,F:\多组学分析skills\人创面\pbmc_final.h5ad,downloaded Seurat-to-h5ad scRNA,8217,348,0.04235122307411464,4.235122307411464,,,cell_type_module1,existing_Fib_K14_annotation:cell_type_module1,annotation_mapped
Human,Human wound,127-3,F:\多组学分析skills\人创面\pbmc_final.h5ad,downloaded Seurat-to-h5ad scRNA,8188,80,0.009770395701025891,0.9770395701025891,,,cell_type_module1,existing_Fib_K14_annotation:cell_type_module1,annotation_mapped
Human,Human wound,127-4,F:\多组学分析skills\人创面\pbmc_final.h5ad,downloaded Seurat-to-h5ad scRNA,7605,65,0.008547008547008548,0.8547008547008547,,,cell_type_module1,existing_Fib_K14_annotation:cell_type_module1,annotation_mapped
Human,Human wound,DSDB_11dpb,F:\多组学分析skills\人创面\pbmc_final.h5ad,downloaded Seurat-to-h5ad scRNA,1339,15,0.011202389843166542,1.1202389843166543,,,cell_type_module1,existing_Fib_K14_annotation:cell_type_module1,annotation_mapped
Human,Human wound,DSDB_12dpb,F:\多组学分析skills\人创面\pbmc_final.h5ad,downloaded Seurat-to-h5ad scRNA,4898,167,0.03409554920375663,3.4095549203756637,,,cell_type_module1,existing_Fib_K14_annotation:cell_type_module1,annotation_mapped
Human,Human wound,DSDB_19dpb,F:\多组学分析skills\人创面\pbmc_final.h5ad,downloaded Seurat-to-h5ad scRNA,2949,28,0.009494743981010512,0.9494743981010512,,,cell_type_module1,existing_Fib_K14_annotation:cell_type_module1,annotation_mapped
Human,Human wound,DSDB_22dpb_healing,F:\多组学分析skills\人创面\pbmc_final.h5ad,downloaded Seurat-to-h5ad scRNA,9763,591,0.06053467171975827,6.053467171975827,,,cell_type_module1,existing_Fib_K14_annotation:cell_type_module1,annotation_mapped
Human,Human wound,DSDB_22dpb_nonhealing1,F:\多组学分析skills\人创面\pbmc_final.h5ad,downloaded Seurat-to-h5ad scRNA,3904,65,0.016649590163934427,1.6649590163934427,,,cell_type_module1,existing_Fib_K14_annotation:cell_type_module1,annotation_mapped
Human,Human wound,DSDB_22dpb_nonhealing2,F:\多组学分析skills\人创面\pbmc_final.h5ad,downloaded Seurat-to-h5ad scRNA,3625,205,0.05655172413793103,5.655172413793103,,,cell_type_module1,existing_Fib_K14_annotation:cell_type_module1,annotation_mapped
Human,Human wound,DSDB_26dpb,F:\多组学分析skills\人创面\pbmc_final.h5ad,downloaded Seurat-to-h5ad scRNA,17982,401,0.022300077855633413,2.230007785563341,,,cell_type_module1,existing_Fib_K14_annotation:cell_type_module1,annotation_mapped
Human,Human wound,DSDB_26dpb_healing,F:\多组学分析skills\人创面\pbmc_final.h5ad,downloaded Seurat-to-h5ad scRNA,3256,101,0.03101965601965602,3.101965601965602,,,cell_type_module1,existing_Fib_K14_annotation:cell_type_module1,annotation_mapped
Human,Human wound,DSDB_5dpb,F:\多组学分析skills\人创面\pbmc_final.h5ad,downloaded Seurat-to-h5ad scRNA,3939,29,0.007362274689007363,0.7362274689007362,,,cell_type_module1,existing_Fib_K14_annotation:cell_type_module1,annotation_mapped
Human,Human wound,DSDB_6dpb,F:\多组学分析skills\人创面\pbmc_final.h5ad,downloaded Seurat-to-h5ad scRNA,6671,92,0.013791035826712636,1.3791035826712637,,,cell_type_module1,existing_Fib_K14_annotation:cell_type_module1,annotation_mapped
Human,Human wound,DSDB_7dpb,F:\多组学分析skills\人创面\pbmc_final.h5ad,downloaded Seurat-to-h5ad scRNA,9787,75,0.007663226729334832,0.7663226729334832,,,cell_type_module1,existing_Fib_K14_annotation:cell_type_module1,annotation_mapped
Human,Human wound,MCY-158-1,F:\多组学分析skills\人创面\pbmc_final.h5ad,downloaded Seurat-to-h5ad scRNA,18962,189,0.009967303027106845,0.9967303027106845,,,cell_type_module1,existing_Fib_K14_annotation:cell_type_module1,annotation_mapped
Human,Human wound,MCY-158-2,F:\多组学分析skills\人创面\pbmc_final.h5ad,downloaded Seurat-to-h5ad scRNA,23613,171,0.007241773599288528,0.7241773599288528,,,cell_type_module1,existing_Fib_K14_annotation:cell_type_module1,annotation_mapped
Human,Human wound,SSDB_10dpb,F:\多组学分析skills\人创面\pbmc_final.h5ad,downloaded Seurat-to-h5ad scRNA,8099,179,0.02210149401160637,2.210149401160637,,,cell_type_module1,existing_Fib_K14_annotation:cell_type_module1,annotation_mapped
Human,Human wound,SSDB_12dpb,F:\多组学分析skills\人创面\pbmc_final.h5ad,downloaded Seurat-to-h5ad scRNA,509,24,0.047151277013752456,4.715127701375246,,,cell_type_module1,existing_Fib_K14_annotation:cell_type_module1,annotation_mapped
Human,Human wound,SSDB_19dpb,F:\多组学分析skills\人创面\pbmc_final.h5ad,downloaded Seurat-to-h5ad scRNA,5503,453,0.08231873523532618,8.231873523532618,,,cell_type_module1,existing_Fib_K14_annotation:cell_type_module1,annotation_mapped
Human,Human wound,SSDB_7dpb,F:\多组学分析skills\人创面\pbmc_final.h5ad,downloaded Seurat-to-h5ad scRNA,5084,115,0.022619984264358774,2.2619984264358775,,,cell_type_module1,existing_Fib_K14_annotation:cell_type_module1,annotation_mapped
Rat,Rat adult,FTDI_10dpi_1,F:\多组学分析skills\大鼠胚胎创面_成年大鼠创面\pbmc_final.h5ad,downloaded Seurat-to-h5ad scRNA,7556,848,0.11222869242985707,11.222869242985707,,,cell_type_module1,existing_Fib_K14_annotation:cell_type_module1,annotation_mapped
Rat,Rat adult,FTDI_10dpi_2,F:\多组学分析skills\大鼠胚胎创面_成年大鼠创面\pbmc_final.h5ad,downloaded Seurat-to-h5ad scRNA,7822,853,0.10905139350549732,10.905139350549732,,,cell_type_module1,existing_Fib_K14_annotation:cell_type_module1,annotation_mapped
Rat,Rat adult,FTDI_19dpi_1,F:\多组学分析skills\大鼠胚胎创面_成年大鼠创面\pbmc_final.h5ad,downloaded Seurat-to-h5ad scRNA,6664,638,0.09573829531812725,9.573829531812725,,,cell_type_module1,existing_Fib_K14_annotation:cell_type_module1,annotation_mapped
Rat,Rat adult,FTDI_19dpi_2,F:\多组学分析skills\大鼠胚胎创面_成年大鼠创面\pbmc_final.h5ad,downloaded Seurat-to-h5ad scRNA,6704,708,0.10560859188544153,10.560859188544153,,,cell_type_module1,existing_Fib_K14_annotation:cell_type_module1,annotation_mapped
Rat,Rat adult,FTDI_1dpi_1,F:\多组学分析skills\大鼠胚胎创面_成年大鼠创面\pbmc_final.h5ad,downloaded Seurat-to-h5ad scRNA,4017,5,0.0012447099825740602,0.12447099825740603,,,cell_type_module1,existing_Fib_K14_annotation:cell_type_module1,annotation_mapped
Rat,Rat adult,FTDI_1dpi_2,F:\多组学分析skills\大鼠胚胎创面_成年大鼠创面\pbmc_final.h5ad,downloaded Seurat-to-h5ad scRNA,5474,120,0.021921812203142127,2.192181220314213,,,cell_type_module1,existing_Fib_K14_annotation:cell_type_module1,annotation_mapped
Rat,Rat adult,FTDI_2dpi_1,F:\多组学分析skills\大鼠胚胎创面_成年大鼠创面\pbmc_final.h5ad,downloaded Seurat-to-h5ad scRNA,7731,34,0.004397878670288449,0.4397878670288449,,,cell_type_module1,existing_Fib_K14_annotation:cell_type_module1,annotation_mapped
Rat,Rat adult,FTDI_2dpi_2,F:\多组学分析skills\大鼠胚胎创面_成年大鼠创面\pbmc_final.h5ad,downloaded Seurat-to-h5ad scRNA,7835,17,0.002169751116783663,0.2169751116783663,,,cell_type_module1,existing_Fib_K14_annotation:cell_type_module1,annotation_mapped
Rat,Rat adult,FTDI_5dpi_1,F:\多组学分析skills\大鼠胚胎创面_成年大鼠创面\pbmc_final.h5ad,downloaded Seurat-to-h5ad scRNA,10435,1332,0.12764734068040248,12.76473406804025,,,cell_type_module1,existing_Fib_K14_annotation:cell_type_module1,annotation_mapped
Rat,Rat adult,FTDI_5dpi_2,F:\多组学分析skills\大鼠胚胎创面_成年大鼠创面\pbmc_final.h5ad,downloaded Seurat-to-h5ad scRNA,10074,1239,0.12298987492555093,12.298987492555092,,,cell_type_module1,existing_Fib_K14_annotation:cell_type_module1,annotation_mapped
Rat,Rat embryo,SS_0.5dpi_1,F:\多组学分析skills\大鼠胚胎创面_成年大鼠创面\pbmc_final.h5ad,downloaded Seurat-to-h5ad scRNA,5397,31,0.005743931813970725,0.5743931813970724,,,cell_type_module1,existing_Fib_K14_annotation:cell_type_module1,annotation_mapped
Rat,Rat embryo,SS_0.5dpi_2,F:\多组学分析skills\大鼠胚胎创面_成年大鼠创面\pbmc_final.h5ad,downloaded Seurat-to-h5ad scRNA,5330,40,0.0075046904315197,0.7504690431519699,,,cell_type_module1,existing_Fib_K14_annotation:cell_type_module1,annotation_mapped
Rat,Rat embryo,SS_0dpi_1,F:\多组学分析skills\大鼠胚胎创面_成年大鼠创面\pbmc_final.h5ad,downloaded Seurat-to-h5ad scRNA,21135,212,0.010030754672344452,1.0030754672344453,,,cell_type_module1,existing_Fib_K14_annotation:cell_type_module1,annotation_mapped
Rat,Rat embryo,SS_0dpi_2,F:\多组学分析skills\大鼠胚胎创面_成年大鼠创面\pbmc_final.h5ad,downloaded Seurat-to-h5ad scRNA,19093,232,0.012151050123081758,1.2151050123081757,,,cell_type_module1,existing_Fib_K14_annotation:cell_type_module1,annotation_mapped
Rat,Rat embryo,SS_11dpi_1,F:\多组学分析skills\大鼠胚胎创面_成年大鼠创面\pbmc_final.h5ad,downloaded Seurat-to-h5ad scRNA,8636,25,0.0028948587308939323,0.2894858730893932,,,cell_type_module1,existing_Fib_K14_annotation:cell_type_module1,annotation_mapped
Rat,Rat embryo,SS_11dpi_2,F:\多组学分析skills\大鼠胚胎创面_成年大鼠创面\pbmc_final.h5ad,downloaded Seurat-to-h5ad scRNA,7529,32,0.004250232434586267,0.42502324345862663,,,cell_type_module1,existing_Fib_K14_annotation:cell_type_module1,annotation_mapped
Rat,Rat embryo,SS_15dpi_1,F:\多组学分析skills\大鼠胚胎创面_成年大鼠创面\pbmc_final.h5ad,downloaded Seurat-to-h5ad scRNA,9049,60,0.006630566913471102,0.6630566913471102,,,cell_type_module1,existing_Fib_K14_annotation:cell_type_module1,annotation_mapped
Rat,Rat embryo,SS_15dpi_2,F:\多组学分析skills\大鼠胚胎创面_成年大鼠创面\pbmc_final.h5ad,downloaded Seurat-to-h5ad scRNA,12892,57,0.00442134657151722,0.442134657151722,,,cell_type_module1,existing_Fib_K14_annotation:cell_type_module1,annotation_mapped
Rat,Rat embryo,SS_19dpi_1,F:\多组学分析skills\大鼠胚胎创面_成年大鼠创面\pbmc_final.h5ad,downloaded Seurat-to-h5ad scRNA,9192,20,0.002175805047867711,0.2175805047867711,,,cell_type_module1,existing_Fib_K14_annotation:cell_type_module1,annotation_mapped
Rat,Rat embryo,SS_19dpi_2,F:\多组学分析skills\大鼠胚胎创面_成年大鼠创面\pbmc_final.h5ad,downloaded Seurat-to-h5ad scRNA,5533,16,0.00289174046629315,0.289174046629315,,,cell_type_module1,existing_Fib_K14_annotation:cell_type_module1,annotation_mapped
Rat,Rat embryo,SS_1dpi_1,F:\多组学分析skills\大鼠胚胎创面_成年大鼠创面\pbmc_final.h5ad,downloaded Seurat-to-h5ad scRNA,12042,432,0.03587443946188341,3.587443946188341,,,cell_type_module1,existing_Fib_K14_annotation:cell_type_module1,annotation_mapped
Rat,Rat embryo,SS_1dpi_2,F:\多组学分析skills\大鼠胚胎创面_成年大鼠创面\pbmc_final.h5ad,downloaded Seurat-to-h5ad scRNA,9877,302,0.03057608585602916,3.057608585602916,,,cell_type_module1,existing_Fib_K14_annotation:cell_type_module1,annotation_mapped
Rat,Rat embryo,SS_1dpi_3,F:\多组学分析skills\大鼠胚胎创面_成年大鼠创面\pbmc_final.h5ad,downloaded Seurat-to-h5ad scRNA,2385,17,0.007127882599580713,0.7127882599580713,,,cell_type_module1,existing_Fib_K14_annotation:cell_type_module1,annotation_mapped
Rat,Rat embryo,SS_1dpi_4,F:\多组学分析skills\大鼠胚胎创面_成年大鼠创面\pbmc_final.h5ad,downloaded Seurat-to-h5ad scRNA,2847,24,0.008429926238145416,0.8429926238145417,,,cell_type_module1,existing_Fib_K14_annotation:cell_type_module1,annotation_mapped
Rat,Rat embryo,SS_2dpi_1,F:\多组学分析skills\大鼠胚胎创面_成年大鼠创面\pbmc_final.h5ad,downloaded Seurat-to-h5ad scRNA,9459,55,0.005814568136166614,0.5814568136166613,,,cell_type_module1,existing_Fib_K14_annotation:cell_type_module1,annotation_mapped
Rat,Rat embryo,SS_2dpi_2,F:\多组学分析skills\大鼠胚胎创面_成年大鼠创面\pbmc_final.h5ad,downloaded Seurat-to-h5ad scRNA,8568,44,0.005135387488328665,0.5135387488328664,,,cell_type_module1,existing_Fib_K14_annotation:cell_type_module1,annotation_mapped
Rat,Rat embryo,SS_3dpi_1,F:\多组学分析skills\大鼠胚胎创面_成年大鼠创面\pbmc_final.h5ad,downloaded Seurat-to-h5ad scRNA,7392,74,0.01001082251082251,1.001082251082251,,,cell_type_module1,existing_Fib_K14_annotation:cell_type_module1,annotation_mapped
Rat,Rat embryo,SS_3dpi_2,F:\多组学分析skills\大鼠胚胎创面_成年大鼠创面\pbmc_final.h5ad,downloaded Seurat-to-h5ad scRNA,6602,139,0.021054225992123598,2.10542259921236,,,cell_type_module1,existing_Fib_K14_annotation:cell_type_module1,annotation_mapped
Rat,Rat embryo,SS_7dpi_1,F:\多组学分析skills\大鼠胚胎创面_成年大鼠创面\pbmc_final.h5ad,downloaded Seurat-to-h5ad scRNA,8601,127,0.014765724915707476,1.4765724915707477,,,cell_type_module1,existing_Fib_K14_annotation:cell_type_module1,annotation_mapped
Rat,Rat embryo,SS_7dpi_2,F:\多组学分析skills\大鼠胚胎创面_成年大鼠创面\pbmc_final.h5ad,downloaded Seurat-to-h5ad scRNA,11681,177,0.015152812259224381,1.5152812259224382,,,cell_type_module1,existing_Fib_K14_annotation:cell_type_module1,annotation_mapped
Rat,Rat embryo,YZ_0.5dpi_1,F:\多组学分析skills\大鼠胚胎创面_成年大鼠创面\pbmc_final.h5ad,downloaded Seurat-to-h5ad scRNA,5733,37,0.0064538635967207394,0.6453863596720739,,,cell_type_module1,existing_Fib_K14_annotation:cell_type_module1,annotation_mapped
Rat,Rat embryo,YZ_0.5dpi_2,F:\多组学分析skills\大鼠胚胎创面_成年大鼠创面\pbmc_final.h5ad,downloaded Seurat-to-h5ad scRNA,5652,35,0.006192498230714791,0.6192498230714791,,,cell_type_module1,existing_Fib_K14_annotation:cell_type_module1,annotation_mapped
Rat,Rat embryo,YZ_0dpi_1,F:\多组学分析skills\大鼠胚胎创面_成年大鼠创面\pbmc_final.h5ad,downloaded Seurat-to-h5ad scRNA,16743,193,0.011527205399271337,1.1527205399271336,,,cell_type_module1,existing_Fib_K14_annotation:cell_type_module1,annotation_mapped
Rat,Rat embryo,YZ_0dpi_2,F:\多组学分析skills\大鼠胚胎创面_成年大鼠创面\pbmc_final.h5ad,downloaded Seurat-to-h5ad scRNA,12714,93,0.0073147711184521,0.73147711184521,,,cell_type_module1,existing_Fib_K14_annotation:cell_type_module1,annotation_mapped
Rat,Rat embryo,YZ_11dpi_1,F:\多组学分析skills\大鼠胚胎创面_成年大鼠创面\pbmc_final.h5ad,downloaded Seurat-to-h5ad scRNA,7759,41,0.005284186106457017,0.5284186106457017,,,cell_type_module1,existing_Fib_K14_annotation:cell_type_module1,annotation_mapped
Rat,Rat embryo,YZ_11dpi_2,F:\多组学分析skills\大鼠胚胎创面_成年大鼠创面\pbmc_final.h5ad,downloaded Seurat-to-h5ad scRNA,7740,64,0.008268733850129198,0.8268733850129198,,,cell_type_module1,existing_Fib_K14_annotation:cell_type_module1,annotation_mapped
Rat,Rat embryo,YZ_15dpi_1,F:\多组学分析skills\大鼠胚胎创面_成年大鼠创面\pbmc_final.h5ad,downloaded Seurat-to-h5ad scRNA,10365,61,0.005885190545103714,0.5885190545103715,,,cell_type_module1,existing_Fib_K14_annotation:cell_type_module1,annotation_mapped
Rat,Rat embryo,YZ_15dpi_2,F:\多组学分析skills\大鼠胚胎创面_成年大鼠创面\pbmc_final.h5ad,downloaded Seurat-to-h5ad scRNA,12160,35,0.0028782894736842104,0.2878289473684211,,,cell_type_module1,existing_Fib_K14_annotation:cell_type_module1,annotation_mapped
Rat,Rat embryo,YZ_19dpi_1,F:\多组学分析skills\大鼠胚胎创面_成年大鼠创面\pbmc_final.h5ad,downloaded Seurat-to-h5ad scRNA,7134,67,0.009391645640594337,0.9391645640594337,,,cell_type_module1,existing_Fib_K14_annotation:cell_type_module1,annotation_mapped
Rat,Rat embryo,YZ_19dpi_2,F:\多组学分析skills\大鼠胚胎创面_成年大鼠创面\pbmc_final.h5ad,downloaded Seurat-to-h5ad scRNA,6108,30,0.004911591355599214,0.4911591355599214,,,cell_type_module1,existing_Fib_K14_annotation:cell_type_module1,annotation_mapped
Rat,Rat embryo,YZ_1dpi_1,F:\多组学分析skills\大鼠胚胎创面_成年大鼠创面\pbmc_final.h5ad,downloaded Seurat-to-h5ad scRNA,8014,71,0.00885949588220614,0.8859495882206139,,,cell_type_module1,existing_Fib_K14_annotation:cell_type_module1,annotation_mapped
Rat,Rat embryo,YZ_1dpi_2,F:\多组学分析skills\大鼠胚胎创面_成年大鼠创面\pbmc_final.h5ad,downloaded Seurat-to-h5ad scRNA,7803,81,0.010380622837370242,1.0380622837370241,,,cell_type_module1,existing_Fib_K14_annotation:cell_type_module1,annotation_mapped
Rat,Rat embryo,YZ_1dpi_3,F:\多组学分析skills\大鼠胚胎创面_成年大鼠创面\pbmc_final.h5ad,downloaded Seurat-to-h5ad scRNA,14477,216,0.01492021827726739,1.492021827726739,,,cell_type_module1,existing_Fib_K14_annotation:cell_type_module1,annotation_mapped
Rat,Rat embryo,YZ_1dpi_4,F:\多组学分析skills\大鼠胚胎创面_成年大鼠创面\pbmc_final.h5ad,downloaded Seurat-to-h5ad scRNA,11959,169,0.014131616355882599,1.41316163558826,,,cell_type_module1,existing_Fib_K14_annotation:cell_type_module1,annotation_mapped
Rat,Rat embryo,YZ_2dpi_1,F:\多组学分析skills\大鼠胚胎创面_成年大鼠创面\pbmc_final.h5ad,downloaded Seurat-to-h5ad scRNA,7617,101,0.013259813574898255,1.3259813574898254,,,cell_type_module1,existing_Fib_K14_annotation:cell_type_module1,annotation_mapped
Rat,Rat embryo,YZ_2dpi_2,F:\多组学分析skills\大鼠胚胎创面_成年大鼠创面\pbmc_final.h5ad,downloaded Seurat-to-h5ad scRNA,7780,99,0.012724935732647815,1.2724935732647815,,,cell_type_module1,existing_Fib_K14_annotation:cell_type_module1,annotation_mapped
Rat,Rat embryo,YZ_3dpi_1,F:\多组学分析skills\大鼠胚胎创面_成年大鼠创面\pbmc_final.h5ad,downloaded Seurat-to-h5ad scRNA,10175,111,0.01090909090909091,1.0909090909090908,,,cell_type_module1,existing_Fib_K14_annotation:cell_type_module1,annotation_mapped
Rat,Rat embryo,YZ_3dpi_2,F:\多组学分析skills\大鼠胚胎创面_成年大鼠创面\pbmc_final.h5ad,downloaded Seurat-to-h5ad scRNA,10675,104,0.009742388758782201,0.9742388758782201,,,cell_type_module1,existing_Fib_K14_annotation:cell_type_module1,annotation_mapped
Rat,Rat embryo,YZ_7dpi_1,F:\多组学分析skills\大鼠胚胎创面_成年大鼠创面\pbmc_final.h5ad,downloaded Seurat-to-h5ad scRNA,6449,67,0.010389207629089781,1.038920762908978,,,cell_type_module1,existing_Fib_K14_annotation:cell_type_module1,annotation_mapped
Rat,Rat embryo,YZ_7dpi_2,F:\多组学分析skills\大鼠胚胎创面_成年大鼠创面\pbmc_final.h5ad,downloaded Seurat-to-h5ad scRNA,6031,59,0.009782788923893218,0.9782788923893219,,,cell_type_module1,existing_Fib_K14_annotation:cell_type_module1,annotation_mapped
Reindeer,Reindeer back,GSM4244979_Sample_2_Day0_Back_RNA,F:\时空组学流程分析skills\单细胞课题1_驯鹿_皮肤再生与纤维化修复\analysis\all_modules_fibk14\h5ad\all_modules_fibk14_annotated_hvg.h5ad,scRNA,8961,593,0.06617565003905813,6.617565003905814,PDGFRA,KRT14,X+X,flexible_fibroblast_plus_epithelial_marker_coexpression,flexible_marker_mapped
Reindeer,Reindeer back,GSM4244981_Sample_4_Day3_Back_RNA,F:\时空组学流程分析skills\单细胞课题1_驯鹿_皮肤再生与纤维化修复\analysis\all_modules_fibk14\h5ad\all_modules_fibk14_annotated_hvg.h5ad,scRNA,6269,355,0.05662785133195087,5.662785133195087,PDGFRA,KRT14,X+X,flexible_fibroblast_plus_epithelial_marker_coexpression,flexible_marker_mapped
Reindeer,Reindeer back,GSM4244983_Sample_6_Day7_Back_RNA,F:\时空组学流程分析skills\单细胞课题1_驯鹿_皮肤再生与纤维化修复\analysis\all_modules_fibk14\h5ad\all_modules_fibk14_annotated_hvg.h5ad,scRNA,3997,113,0.028271203402551914,2.8271203402551914,PDGFRA,KRT14,X+X,flexible_fibroblast_plus_epithelial_marker_coexpression,flexible_marker_mapped
Reindeer,Reindeer back,GSM4244985_Sample_8_Day14_Back_RNA,F:\时空组学流程分析skills\单细胞课题1_驯鹿_皮肤再生与纤维化修复\analysis\all_modules_fibk14\h5ad\all_modules_fibk14_annotated_hvg.h5ad,scRNA,2731,214,0.07835957524716221,7.835957524716221,PDGFRA,KRT14,X+X,flexible_fibroblast_plus_epithelial_marker_coexpression,flexible_marker_mapped
Reindeer,Reindeer back,GSM4634038_R1_Ectopic_Back_scRNA_A1_filtered_feature_bc,F:\时空组学流程分析skills\单细胞课题1_驯鹿_皮肤再生与纤维化修复\analysis\all_modules_fibk14\h5ad\all_modules_fibk14_annotated_hvg.h5ad,scRNA,1030,80,0.07766990291262135,7.766990291262136,PDGFRA,KRT14,X+X,flexible_fibroblast_plus_epithelial_marker_coexpression,flexible_marker_mapped
Reindeer,Reindeer back,GSM5467008_5XD_B_ReindeerPBMCBack_bigmem_filtered_feature_bc,F:\时空组学流程分析skills\单细胞课题1_驯鹿_皮肤再生与纤维化修复\analysis\all_modules_fibk14\h5ad\all_modules_fibk14_annotated_hvg.h5ad,scRNA,2742,0,0.0,0.0,PDGFRA,KRT14,X+X,flexible_fibroblast_plus_epithelial_marker_coexpression,flexible_marker_mapped
Reindeer,Reindeer back,GSM5467010_4XE_B_ReindeerPBMCBack_bigmemfiltered_feature_bc,F:\时空组学流程分析skills\单细胞课题1_驯鹿_皮肤再生与纤维化修复\analysis\all_modules_fibk14\h5ad\all_modules_fibk14_annotated_hvg.h5ad,scRNA,3191,0,0.0,0.0,PDGFRA,KRT14,X+X,flexible_fibroblast_plus_epithelial_marker_coexpression,flexible_marker_mapped
Reindeer,Reindeer velvet,GSM4244978_Sample_1_Day0_Antler_RNA,F:\时空组学流程分析skills\单细胞课题1_驯鹿_皮肤再生与纤维化修复\analysis\all_modules_fibk14\h5ad\all_modules_fibk14_annotated_hvg.h5ad,scRNA,5579,92,0.016490410467825775,1.6490410467825776,PDGFRA,KRT14,X+X,flexible_fibroblast_plus_epithelial_marker_coexpression,flexible_marker_mapped
Reindeer,Reindeer velvet,GSM4244980_Sample_3_Day3_Antler_RNA,F:\时空组学流程分析skills\单细胞课题1_驯鹿_皮肤再生与纤维化修复\analysis\all_modules_fibk14\h5ad\all_modules_fibk14_annotated_hvg.h5ad,scRNA,10926,593,0.054274208310452134,5.427420831045214,PDGFRA,KRT14,X+X,flexible_fibroblast_plus_epithelial_marker_coexpression,flexible_marker_mapped
Reindeer,Reindeer velvet,GSM4244982_Sample_5_Day7_Antler_RNA,F:\时空组学流程分析skills\单细胞课题1_驯鹿_皮肤再生与纤维化修复\analysis\all_modules_fibk14\h5ad\all_modules_fibk14_annotated_hvg.h5ad,scRNA,6373,410,0.06433390867723207,6.433390867723207,PDGFRA,KRT14,X+X,flexible_fibroblast_plus_epithelial_marker_coexpression,flexible_marker_mapped
Reindeer,Reindeer velvet,GSM4244984_Sample_7_Day14_Antler_RNA,F:\时空组学流程分析skills\单细胞课题1_驯鹿_皮肤再生与纤维化修复\analysis\all_modules_fibk14\h5ad\all_modules_fibk14_annotated_hvg.h5ad,scRNA,9715,468,0.048172928461142565,4.817292846114256,PDGFRA,KRT14,X+X,flexible_fibroblast_plus_epithelial_marker_coexpression,flexible_marker_mapped
Reindeer,Reindeer velvet,GSM5467009_5XD_A_ReindeerPBMCAntler_bigmemfiltered_feature_bc,F:\时空组学流程分析skills\单细胞课题1_驯鹿_皮肤再生与纤维化修复\analysis\all_modules_fibk14\h5ad\all_modules_fibk14_annotated_hvg.h5ad,scRNA,3107,0,0.0,0.0,PDGFRA,KRT14,X+X,flexible_fibroblast_plus_epithelial_marker_coexpression,flexible_marker_mapped
Reindeer,Reindeer velvet,GSM5467011_4XE_A_ReindeerPBMCAntler_bigmemfiltered_feature_bc,F:\时空组学流程分析skills\单细胞课题1_驯鹿_皮肤再生与纤维化修复\analysis\all_modules_fibk14\h5ad\all_modules_fibk14_annotated_hvg.h5ad,scRNA,2493,0,0.0,0.0,PDGFRA,KRT14,X+X,flexible_fibroblast_plus_epithelial_marker_coexpression,flexible_marker_mapped
African spiny mouse,Acomys wound,GSM7022154,F:\时空组学流程分析skills\单细胞课题2_刺毛鼠_创面再生与纤维化修复\h5ad\annotated_true_umap_modules_fibk14.h5ad,scRNA,798,0,0.0,0.0,Vim,Krt14,X+X,flexible_fibroblast_plus_epithelial_marker_coexpression,flexible_marker_mapped
African spiny mouse,Acomys wound,GSM7022155,F:\时空组学流程分析skills\单细胞课题2_刺毛鼠_创面再生与纤维化修复\h5ad\annotated_true_umap_modules_fibk14.h5ad,scRNA,14396,0,0.0,0.0,Vim,Krt14,X+X,flexible_fibroblast_plus_epithelial_marker_coexpression,flexible_marker_mapped
African spiny mouse,Acomys wound,GSM7022156,F:\时空组学流程分析skills\单细胞课题2_刺毛鼠_创面再生与纤维化修复\h5ad\annotated_true_umap_modules_fibk14.h5ad,scRNA,7083,0,0.0,0.0,Vim,Krt14,X+X,flexible_fibroblast_plus_epithelial_marker_coexpression,flexible_marker_mapped
African spiny mouse,Acomys wound,GSM7022157,F:\时空组学流程分析skills\单细胞课题2_刺毛鼠_创面再生与纤维化修复\h5ad\annotated_true_umap_modules_fibk14.h5ad,scRNA,4390,1108,0.25239179954441915,25.239179954441912,Vim,Krt14,X+X,flexible_fibroblast_plus_epithelial_marker_coexpression,flexible_marker_mapped
African spiny mouse,Acomys wound,GSM7022158,F:\时空组学流程分析skills\单细胞课题2_刺毛鼠_创面再生与纤维化修复\h5ad\annotated_true_umap_modules_fibk14.h5ad,scRNA,21047,0,0.0,0.0,Vim,Krt14,X+X,flexible_fibroblast_plus_epithelial_marker_coexpression,flexible_marker_mapped
African spiny mouse,Acomys wound,GSM7022159,F:\时空组学流程分析skills\单细胞课题2_刺毛鼠_创面再生与纤维化修复\h5ad\annotated_true_umap_modules_fibk14.h5ad,scRNA,8155,3771,0.46241569589209075,46.24156958920907,Vim,Krt14,X+X,flexible_fibroblast_plus_epithelial_marker_coexpression,flexible_marker_mapped
African spiny mouse,Acomys unwounded,GSM4848109_Unwounded,F:\时空组学流程分析skills\单细胞课题3_刺毛鼠_稳态皮肤毛囊再生参考图谱\h5ad\annotated_true_umap_modules_fibk14.h5ad,scRNA,2787,26,0.009329027628274129,0.932902762827413,Vim,Krt14,X+X,flexible_fibroblast_plus_epithelial_marker_coexpression,flexible_marker_mapped
Planarian 0hpa1,Planarian 0hpa1,0hpa1.sc,F:\多组学分析skills\课题01+涡虫基因人同源symbol转换+跨物种+20260711\h5ad\0hpa1.sc_module1_human_symbol_alias_expanded.h5ad,planarian alias-expanded human-symbol h5ad,294166,2152,0.007315597315801282,0.7315597315801282,PDGFRA/VIM unavailable,KRT14,alias-expanded human symbol X,planarian_alias_expanded_KRT14_like_only; fibroblast marker PDGFRA/VIM unavailable,KRT14_like_only_fibroblast_marker_missing
Planarian 3dpa1,Planarian 3dpa1,3dpa1.sc,F:\多组学分析skills\课题01+涡虫基因人同源symbol转换+跨物种+20260711\h5ad\3dpa1.sc_module1_human_symbol_alias_expanded.h5ad,planarian alias-expanded human-symbol h5ad,172641,1160,0.00671914551004686,0.671914551004686,PDGFRA/VIM unavailable,KRT14,alias-expanded human symbol X,planarian_alias_expanded_KRT14_like_only; fibroblast marker PDGFRA/VIM unavailable,KRT14_like_only_fibroblast_marker_missing
Planarian 7dpa1,Planarian 7dpa1,7dpa1.sc,F:\多组学分析skills\课题01+涡虫基因人同源symbol转换+跨物种+20260711\h5ad\7dpa1.sc_module1_human_symbol_alias_expanded.h5ad,planarian alias-expanded human-symbol h5ad,105723,0,0.0,0.0,PDGFRA/VIM unavailable,,unmapped,planarian_alias_expanded_KRT14_like_only; fibroblast marker PDGFRA/VIM unavailable,planarian_alias_marker_missing
